Cell1,Cell2,att
SEMA6B__Lhx6-iNeuron,PLXNA4__L4-eNeuron,0.39002394676208496
GDF10__astrocytes,ACVR1B__L4-eNeuron,0.3736492097377777
GAS6__Lhx6-iNeuron,AXL__mural,0.3712598383426666
GRN__astrocytes,TNFRSF1B__microglia,0.353023886680603
GAS6__Adarb2-iNeuron,AXL__mural,0.34552210569381714
CSPG4__OPC,ITGB1__mural,0.3423459827899933
SEMA6B__OPC,PLXNA4__L4-eNeuron,0.3331083655357361
GAS6__astrocytes,AXL__mural,0.3326816260814667
SEMA4D__Adarb2-iNeuron,PLXNB3__Olig,0.31546151638031006
SEMA5A__OPC,PLXNB3__Olig,0.31001463532447815
SEMA6B__Adarb2-iNeuron,PLXNA4__L4-eNeuron,0.2938046455383301
GRN__OPC,TNFRSF1B__microglia,0.2931467294692993
GRN__Lhx6-iNeuron,TNFRSF1B__microglia,0.2758295238018036
GRN__Adarb2-iNeuron,TNFRSF1B__microglia,0.2655780017375946
GAS6__L6-eNeuron,AXL__mural,0.25630712509155273
ADAM15__Adarb2-iNeuron,ITGB1__mural,0.2532612681388855
VCAN__OPC,ITGB1__mural,0.2531926929950714
SEMA6B__L6-eNeuron,PLXNA4__L4-eNeuron,0.23982658982276917
FN1__astrocytes,SDC4__endothelial,0.2309846580028534
SEMA5A__L6-eNeuron,PLXNB3__Olig,0.226207435131073
FNDC5__Lhx6-iNeuron,ITGB5__endothelial,0.22121216356754303
GRN__L2-L3-eNeuron,TNFRSF1B__microglia,0.2198992818593979
MFNG__mural,NOTCH1__endothelial,0.21890676021575928
LGI2__Lhx6-iNeuron,ADAM11__L6-eNeuron,0.2109816074371338
GAS6__L2-L3-eNeuron,AXL__mural,0.20323702692985535
TNXB__mural,SDC4__endothelial,0.20266851782798767
VTN__mural,ITGB5__endothelial,0.1897614449262619
SEMA6B__L5-eNeuron,PLXNA4__L4-eNeuron,0.18967869877815247
TNR__OPC,SDC4__endothelial,0.18954013288021088
AGRN__astrocytes,LRP4__endothelial,0.1892062872648239
CD14__microglia,ITGB1__mural,0.1891644299030304
NFASC__OPC,CNTNAP1__L6-eNeuron,0.18652144074440002
GRN__L6-eNeuron,TNFRSF1B__microglia,0.18301630020141602
ADAM15__L2-L3-eNeuron,ITGB1__mural,0.17836079001426697
COL4A2__mural,SDC4__endothelial,0.17705613374710083
FNDC5__Lhx6-iNeuron,ITGB5__mural,0.17415787279605865
SEMA7A__L2-L3-eNeuron,ITGB1__mural,0.17166592180728912
LGI4__astrocytes,ADAM11__L6-eNeuron,0.17136919498443604
SEMA7A__L2-L3-eNeuron,ITGA1__mural,0.16941751539707184
LGI2__Lhx6-iNeuron,ADAM11__L4-eNeuron,0.1671571135520935
COL5A3__Olig,SDC3__endothelial,0.16460657119750977
TGFB1__mural,ENG__endothelial,0.1620367467403412
ADAM15__microglia,ITGB1__mural,0.15509362518787384
TNR__OPC,ITGB1__mural,0.15393862128257751
DLK2__Olig,NOTCH1__endothelial,0.15089531242847443
GAS6__L4-eNeuron,AXL__mural,0.15062862634658813
GRN__Olig,TNFRSF1B__microglia,0.1503264605998993
SEMA7A__L6-eNeuron,ITGB1__mural,0.1484527736902237
SEMA5A__L6-eNeuron,PLXNB3__OPC,0.14784768223762512
AGRN__astrocytes,DAG1__endothelial,0.1473984718322754
FN1__mural,SDC4__endothelial,0.14593739807605743
TGFB1__mural,ACVR1B__L4-eNeuron,0.1453404575586319
NFASC__OPC,CNTNAP1__L4-eNeuron,0.1396808922290802
GAS6__microglia,AXL__mural,0.13950800895690918
COL4A2__Olig,SDC4__endothelial,0.13781435787677765
SEMA7A__L6-eNeuron,ITGA1__mural,0.1372757852077484
SEMA4D__Adarb2-iNeuron,PLXNB3__OPC,0.13703608512878418
MFNG__microglia,NOTCH1__endothelial,0.13555631041526794
LGI4__astrocytes,ADAM11__L4-eNeuron,0.13381779193878174
FN1__astrocytes,ITGB1__mural,0.13351444900035858
TGFB1__microglia,ENG__endothelial,0.13202911615371704
GRN__mural,TNFRSF1B__microglia,0.13149988651275635
SEMA7A__L4-eNeuron,ITGB1__mural,0.1299908459186554
AGRN__Olig,LRP4__endothelial,0.12940779328346252
AGRN__astrocytes,LRP4__Olig,0.12798458337783813
EFNB3__Olig,EPHB4__endothelial,0.12679007649421692
AGRN__L5-eNeuron,LRP4__endothelial,0.12611448764801025
TGFB1__mural,TGFBR2__microglia,0.12536242604255676
VCAN__OPC,EGFR__Adarb2-iNeuron,0.12416695803403854
TNR__OPC,SDC4__mural,0.1186392679810524
AGRN__Olig,DAG1__endothelial,0.11763016879558563
SEMA7A__L4-eNeuron,ITGA1__mural,0.11701202392578125
COL5A3__Olig,SDC3__mural,0.11252015829086304
VCAN__OPC,EGFR__astrocytes,0.11250297725200653
LGI3__Olig,STX1A__L6-eNeuron,0.1124979704618454
TGFB1__microglia,ACVR1B__L4-eNeuron,0.11247050762176514
LGI2__Lhx6-iNeuron,ADAM11__Adarb2-iNeuron,0.11000335216522217
SEMA7A__Olig,ITGB1__mural,0.10913116484880447
PDGFB__microglia,S1PR1__endothelial,0.10880942642688751
LAMB2__mural,SV2A__Olig,0.10667546838521957
EFNB3__Olig,EPHB6__L6-eNeuron,0.10641580820083618
FN1__astrocytes,SDC4__mural,0.10465351492166519
AGRN__L4-eNeuron,LRP4__endothelial,0.10399262607097626
GRN__L5-eNeuron,TNFRSF1B__microglia,0.10277722030878067
COL4A2__Olig,ITGB1__mural,0.1026608794927597
SEMA7A__L5-eNeuron,ITGB1__mural,0.102595254778862
LAMB2__mural,DAG1__endothelial,0.10229673236608505
LGI2__Lhx6-iNeuron,ADAM11__L2-L3-eNeuron,0.10202997177839279
AGRN__L5-eNeuron,DAG1__endothelial,0.10084125399589539
OMG__Olig,LINGO1__L6-eNeuron,0.10047698020935059
GAS6__endothelial,AXL__mural,0.10028613358736038
TGFB1__microglia,ENG__mural,0.1001691222190857
LAMB2__astrocytes,SV2A__Olig,0.09996580332517624
PDGFB__microglia,PDGFRB__mural,0.09862304478883743
OMG__Olig,TNFRSF1B__microglia,0.09811276942491531
LAMC1__OPC,SV2A__Olig,0.0977625697851181
NFASC__Olig,CNTNAP1__L6-eNeuron,0.09720329940319061
OMG__microglia,LINGO1__L6-eNeuron,0.0969516858458519
LAMC1__astrocytes,SV2A__Olig,0.09668469429016113
AGRN__L4-eNeuron,DAG1__endothelial,0.09661026298999786
NFASC__OPC,CNTNAP1__L2-L3-eNeuron,0.09639951586723328
DLL4__endothelial,NOTCH3__mural,0.09632676094770432
BGN__mural,FGFR3__astrocytes,0.0959993302822113
LAMB2__astrocytes,DAG1__endothelial,0.09445391595363617
LAMC1__OPC,DAG1__endothelial,0.09374511241912842
LGI3__Olig,FLOT1__L6-eNeuron,0.09325331449508667
DLK2__Olig,NOTCH1__mural,0.09271903336048126
LAMB2__mural,SV2A__L6-eNeuron,0.09120698273181915
AGRN__astrocytes,DAG1__mural,0.0910070389509201
OMG__Olig,LINGO1__L4-eNeuron,0.09081829339265823
LAMC1__mural,SV2A__Olig,0.09029462188482285
SEMA7A__Olig,ITGA1__mural,0.08996134251356125
NFASC__OPC,CNTNAP1__Adarb2-iNeuron,0.0896734967827797
FN1__astrocytes,SDC4__OPC,0.08889138698577881
GRN__endothelial,TNFRSF1B__microglia,0.08874978125095367
OMG__microglia,LINGO1__L4-eNeuron,0.08872589468955994
LAMC1__astrocytes,DAG1__endothelial,0.08856897056102753
LGI4__astrocytes,ADAM11__Adarb2-iNeuron,0.08828535676002502
LAMC1__mural,DAG1__endothelial,0.08785536140203476
MFNG__microglia,NOTCH1__mural,0.08740022778511047
LAMC1__OPC,ITGB1__mural,0.08732938021421432
AGRN__L4-eNeuron,LRP4__Olig,0.08726151287555695
SEMA7A__L5-eNeuron,ITGA1__mural,0.08713830262422562
EFNB3__Olig,EPHB6__mural,0.08704832196235657
NID1__endothelial,ITGB1__mural,0.08657431602478027
COL4A2__Olig,ITGA1__mural,0.08555527031421661
LAMB2__astrocytes,SV2A__L6-eNeuron,0.085004061460495
LGI4__astrocytes,ADAM11__L2-L3-eNeuron,0.08488426357507706
LAMC1__astrocytes,SV2A__L6-eNeuron,0.08460769057273865
LAMC1__OPC,SV2A__L6-eNeuron,0.08460462093353271
TNXB__mural,SDC4__OPC,0.08452306687831879
LGI3__Olig,FLOT1__L4-eNeuron,0.08415517956018448
FNDC5__Lhx6-iNeuron,ITGB5__astrocytes,0.08362558484077454
PDGFB__microglia,LRP1__mural,0.08331984281539917
AGRN__L5-eNeuron,LRP4__Olig,0.08319544792175293
LAMB2__astrocytes,ITGB1__mural,0.08263120800256729
DLL4__endothelial,NOTCH1__mural,0.08237035572528839
COL4A2__mural,SDC4__OPC,0.08233387023210526
NFASC__OPC,CNTNAP1__Lhx6-iNeuron,0.08229144662618637
MFNG__mural,NOTCH1__astrocytes,0.0821707472205162
AGRN__mural,LRP4__endothelial,0.08025217056274414
AGRN__Olig,DAG1__mural,0.07962928712368011
COL4A2__Olig,SDC4__mural,0.0779411792755127
AGRN__mural,DAG1__endothelial,0.07706243544816971
LAMC1__mural,SV2A__L6-eNeuron,0.07637475430965424
LAMC1__OPC,ITGA1__mural,0.0763297975063324
PDGFB__microglia,S1PR1__mural,0.0759994238615036
EFNB3__Olig,EPHB6__L4-eNeuron,0.07555672526359558
AGRN__mural,LRP4__Olig,0.07520031929016113
VTN__mural,ITGB5__astrocytes,0.07501281797885895
TNXB__mural,SDC4__astrocytes,0.0749698057770729
HSPG2__endothelial,ITGB1__mural,0.07462795078754425
AGRN__astrocytes,LRP4__OPC,0.07444621622562408
DLL4__endothelial,NOTCH1__astrocytes,0.07434485852718353
NFASC__Olig,CNTNAP1__L4-eNeuron,0.07417822629213333
AGRN__astrocytes,DAG1__OPC,0.07343550771474838
SEMA7A__endothelial,ITGB1__mural,0.07317864149808884
FN1__endothelial,ITGB1__mural,0.07315923273563385
LAMC1__OPC,DAG1__mural,0.07309399545192719
OMG__Olig,RTN4R__L4-eNeuron,0.07283538579940796
LAMB2__mural,SV2A__L4-eNeuron,0.07255133986473083
LAMB2__astrocytes,ITGA1__mural,0.07166272401809692
LAMB2__astrocytes,SV2A__L4-eNeuron,0.07150853425264359
SEMA7A__endothelial,ITGA1__mural,0.07144338637590408
FN1__endothelial,SDC4__mural,0.0710206925868988
PDGFB__microglia,LRP1__L4-eNeuron,0.07085521519184113
AGRN__L4-eNeuron,DAG1__mural,0.07071395963430405
PDGFB__endothelial,PDGFRB__mural,0.0706939697265625
OMG__microglia,RTN4R__L4-eNeuron,0.07047749310731888
LAMC1__astrocytes,ITGB1__mural,0.07046188414096832
FN1__endothelial,SDC4__OPC,0.07020271569490433
TNR__OPC,SDC4__astrocytes,0.0701834112405777
LAMB2__astrocytes,DAG1__mural,0.07018114626407623
LAMB2__endothelial,SV2A__Olig,0.07015674561262131
FN1__endothelial,SDC4__astrocytes,0.07010810822248459
SEMA5A__Olig,PLXNB3__OPC,0.06924116611480713
TGFB1__mural,CAV1__OPC,0.06809845566749573
COL4A2__endothelial,ITGB1__mural,0.06737394630908966
COL4A2__endothelial,ITGA1__mural,0.06723418831825256
COL4A2__endothelial,SDC4__mural,0.06718973070383072
COL4A2__endothelial,SDC4__OPC,0.06712086498737335
COL4A2__endothelial,SDC4__astrocytes,0.06711284816265106
HSPG2__endothelial,DAG1__mural,0.06627336889505386
LAMC1__mural,SV2A__L4-eNeuron,0.06614042818546295
COL5A3__Olig,SDC3__OPC,0.06595931947231293
COL5A3__Olig,SDC3__L2-L3-eNeuron,0.06565075367689133
LAMC1__OPC,SV2A__L4-eNeuron,0.06564836204051971
COL4A2__mural,SDC4__astrocytes,0.06555013358592987
LAMB2__endothelial,SV2A__L6-eNeuron,0.06513482332229614
ICAM5__L2-L3-eNeuron,SLC17A7__L5-eNeuron,0.06513386964797974
PDGFB__endothelial,LRP1__L4-eNeuron,0.06508925557136536
IGFBP4__L2-L3-eNeuron,SLC17A7__L5-eNeuron,0.06407181918621063
LAMC1__astrocytes,SV2A__L4-eNeuron,0.062571682035923
PDGFB__microglia,LRP1__L6-eNeuron,0.06188911199569702
FN1__mural,SDC4__OPC,0.06160396337509155
BAG6__L2-L3-eNeuron,SLC17A7__L5-eNeuron,0.06147881597280502
SLITRK1__L2-L3-eNeuron,SLC17A7__L5-eNeuron,0.06004234403371811
LAMC1__astrocytes,ITGA1__mural,0.05941725894808769
AGRN__L5-eNeuron,DAG1__mural,0.059302039444446564
HSPG2__endothelial,DAG1__OPC,0.05807424336671829
HSPG2__endothelial,DAG1__astrocytes,0.05793192982673645
DLK2__Olig,NOTCH1__astrocytes,0.057868100702762604
LAMC1__astrocytes,DAG1__mural,0.057555340230464935
LGI3__Olig,FLOT1__astrocytes,0.05747173726558685
LGI3__Olig,FLOT1__OPC,0.05630480870604515
SHANK1__L6-eNeuron,SLC17A7__L5-eNeuron,0.05608503147959709
TGFA__Olig,EGFR__Adarb2-iNeuron,0.055913541465997696
SHANK1__L6-eNeuron,LINGO1__L5-eNeuron,0.055551230907440186
TGFA__Olig,ERBB4__Adarb2-iNeuron,0.05551828071475029
TGFA__Olig,ERBB4__Lhx6-iNeuron,0.054940637201070786
COL4A2__Olig,SDC4__OPC,0.05466850847005844
LGI3__Olig,FLOT1__Adarb2-iNeuron,0.05401470512151718
FN1__mural,SDC4__astrocytes,0.05399914085865021
TGFA__Olig,EGFR__astrocytes,0.053893111646175385
TGFB1__microglia,CAV1__OPC,0.05385487526655197
GAS6__L5-eNeuron,SLC17A7__L6-eNeuron,0.05312067270278931
SHANK1__L6-eNeuron,SV2A__L5-eNeuron,0.05301770567893982
ICAM5__L6-eNeuron,SLC17A7__L5-eNeuron,0.05230901017785072
SHANK1__L6-eNeuron,EPHB6__L5-eNeuron,0.05222737044095993
PDGFB__endothelial,LRP1__mural,0.052175603806972504
ICAM5__L6-eNeuron,LINGO1__L5-eNeuron,0.05211988091468811
SHANK1__L6-eNeuron,STX1A__L5-eNeuron,0.052100565284490585
RPH3A__L6-eNeuron,SLC17A7__L5-eNeuron,0.05200076475739479
RPH3A__L6-eNeuron,LINGO1__L5-eNeuron,0.05178235471248627
CADM3__L6-eNeuron,SLC17A7__L5-eNeuron,0.05172301456332207
LRRC4B__L6-eNeuron,SLC17A7__L5-eNeuron,0.05164240673184395
SHANK1__L6-eNeuron,ADCY1__L5-eNeuron,0.05158723518252373
CADM3__L6-eNeuron,LINGO1__L5-eNeuron,0.05150122568011284
MFNG__microglia,NOTCH1__astrocytes,0.051498204469680786
AGRN__Olig,LRP4__OPC,0.051464956253767014
LRRC4B__L6-eNeuron,LINGO1__L5-eNeuron,0.05145002901554108
ICAM5__L6-eNeuron,SV2A__L5-eNeuron,0.051297541707754135
GAS6__L5-eNeuron,SV2A__L6-eNeuron,0.05120350420475006
COL4A2__Olig,SDC4__astrocytes,0.051118403673172
LAMC1__endothelial,SV2A__L6-eNeuron,0.051032762974500656
SHANK1__L6-eNeuron,KCNJ4__L5-eNeuron,0.050943002104759216
ICAM5__L6-eNeuron,EPHB6__L5-eNeuron,0.050928011536598206
ICAM5__L6-eNeuron,STX1A__L5-eNeuron,0.050821103155612946
LAMC1__endothelial,SV2A__Olig,0.050819315016269684
CADM3__L2-L3-eNeuron,SLC17A7__L5-eNeuron,0.05079015716910362
RPH3A__L6-eNeuron,SV2A__L5-eNeuron,0.05069920793175697
ICAM5__L6-eNeuron,ADCY1__L5-eNeuron,0.05060744658112526
CADM3__L6-eNeuron,SV2A__L5-eNeuron,0.0505530945956707
ICAM5__L6-eNeuron,KCNJ4__L5-eNeuron,0.0505458228290081
LRRC4B__L6-eNeuron,SV2A__L5-eNeuron,0.05045677348971367
GLG1__L6-eNeuron,SLC17A7__L5-eNeuron,0.05044712871313095
RPH3A__L6-eNeuron,EPHB6__L5-eNeuron,0.05034806579351425
GLG1__L6-eNeuron,LINGO1__L5-eNeuron,0.050276849418878555
EFNB3__Olig,EPHB6__Lhx6-iNeuron,0.050243817269802094
EFNB3__Olig,EPHB6__L2-L3-eNeuron,0.05021986365318298
RPH3A__L6-eNeuron,STX1A__L5-eNeuron,0.050216272473335266
LRRC4B__L6-eNeuron,EPHB6__L5-eNeuron,0.050166044384241104
GAS6__L5-eNeuron,ADCY1__L6-eNeuron,0.050143394619226456
CADM3__L6-eNeuron,EPHB6__L5-eNeuron,0.05013096332550049
CADM3__L6-eNeuron,STX1A__L5-eNeuron,0.05009718984365463
LRRC4B__L6-eNeuron,STX1A__L5-eNeuron,0.05000024661421776
RPH3A__L6-eNeuron,ADCY1__L5-eNeuron,0.04993678256869316
GLG1__L6-eNeuron,SV2A__L5-eNeuron,0.04985792934894562
RPH3A__L6-eNeuron,KCNJ4__L5-eNeuron,0.049840476363897324
CADM3__L6-eNeuron,ADCY1__L5-eNeuron,0.04978647828102112
LRRC4B__L6-eNeuron,ADCY1__L5-eNeuron,0.049755074083805084
LRRC4B__L6-eNeuron,KCNJ4__L5-eNeuron,0.04975098371505737
GAS6__L5-eNeuron,EPHB6__L6-eNeuron,0.049637626856565475
CADM3__L6-eNeuron,KCNJ4__L5-eNeuron,0.04962654411792755
PDGFB__endothelial,S1PR1__mural,0.04952039569616318
AGRN__L5-eNeuron,LRP4__OPC,0.04951576888561249
PLTP__endothelial,SLC17A7__L5-eNeuron,0.04949497804045677
GLG1__L6-eNeuron,STX1A__L5-eNeuron,0.04947447404265404
GLG1__L6-eNeuron,EPHB6__L5-eNeuron,0.04946639761328697
GLG1__L6-eNeuron,KCNJ4__L5-eNeuron,0.0494244284927845
ICAM5__L6-eNeuron,GABBR2__L5-eNeuron,0.049189068377017975
PDGFB__endothelial,LRP1__L6-eNeuron,0.04916476830840111
AGRN__Olig,DAG1__OPC,0.04914133623242378
GLG1__L6-eNeuron,ADCY1__L5-eNeuron,0.049137916415929794
AGRN__L5-eNeuron,DAG1__OPC,0.04901802912354469
OMG__Olig,LINGO1__OPC,0.048932768404483795
AGRN__L5-eNeuron,LRP4__astrocytes,0.04884671792387962
AGRN__L5-eNeuron,DAG1__astrocytes,0.048819903284311295
GLG1__L6-eNeuron,GABBR2__L5-eNeuron,0.04869145154953003
NTRK3__L6-eNeuron,SLC17A7__L5-eNeuron,0.04851917177438736
GAS6__L5-eNeuron,STX1A__L6-eNeuron,0.04850229248404503
NTRK3__L6-eNeuron,LINGO1__L5-eNeuron,0.04841388389468193
AGRN__Olig,LRP4__astrocytes,0.048356227576732635
GAS6__L5-eNeuron,SLC17A7__L4-eNeuron,0.048290353268384933
AGRN__Olig,DAG1__astrocytes,0.04825064539909363
OMG__Olig,LINGO1__astrocytes,0.04823223501443863
LRRC4B__L6-eNeuron,GABBR2__L5-eNeuron,0.04822176322340965
NLGN2__L6-eNeuron,SLC17A7__L5-eNeuron,0.04819008708000183
RPH3A__L6-eNeuron,GABBR2__L5-eNeuron,0.048177190124988556
NTRK3__L6-eNeuron,SV2A__L5-eNeuron,0.04813733324408531
CADM3__L6-eNeuron,GABBR2__L5-eNeuron,0.04811271280050278
NLGN2__L6-eNeuron,LINGO1__L5-eNeuron,0.04808197170495987
AGRN__endothelial,LRP4__Olig,0.04799342155456543
NTRK3__L6-eNeuron,STX1A__L5-eNeuron,0.04789908975362778
NTRK3__L6-eNeuron,EPHB6__L5-eNeuron,0.0478970929980278
LAMB2__mural,SV2A__OPC,0.04789643734693527
NLGN2__L6-eNeuron,SV2A__L5-eNeuron,0.047870196402072906
NTRK3__L6-eNeuron,KCNJ4__L5-eNeuron,0.0478636771440506
SHANK1__L6-eNeuron,GABBR2__L5-eNeuron,0.04777207970619202
NFASC__Olig,CNTNAP1__L2-L3-eNeuron,0.0477604940533638
GLG1__L6-eNeuron,CNTNAP1__L5-eNeuron,0.04770953208208084
NTRK3__L6-eNeuron,ADCY1__L5-eNeuron,0.04768064245581627
NLGN2__L6-eNeuron,KCNJ4__L5-eNeuron,0.04761964827775955
NLGN2__L6-eNeuron,EPHB6__L5-eNeuron,0.04758378118276596
NLGN2__L6-eNeuron,STX1A__L5-eNeuron,0.04754401743412018
OMG__microglia,LINGO1__OPC,0.047493189573287964
NLGN2__L6-eNeuron,ADCY1__L5-eNeuron,0.047395337373018265
NTRK3__L6-eNeuron,GABBR2__L5-eNeuron,0.04737717658281326
GAS6__L5-eNeuron,LINGO1__L6-eNeuron,0.047319404780864716
GLG1__L6-eNeuron,GLG1__L5-eNeuron,0.04722290858626366
NLGN2__L6-eNeuron,GABBR2__L5-eNeuron,0.04720093682408333
SLITRK1__L2-L3-eNeuron,LINGO1__L5-eNeuron,0.047089383006095886
OMG__Olig,RTN4R__L2-L3-eNeuron,0.047017183154821396
ICAM5__L6-eNeuron,CNTNAP1__L5-eNeuron,0.04676017537713051
OMG__Olig,LINGO1__L2-L3-eNeuron,0.04674198478460312
GAS6__L5-eNeuron,CNTNAP1__L6-eNeuron,0.04672272130846977
NTRK3__L6-eNeuron,CNTNAP1__L5-eNeuron,0.046667907387018204
LAMB2__endothelial,SV2A__L4-eNeuron,0.046561434864997864
OMG__microglia,LINGO1__astrocytes,0.04650425910949707
NLGN2__L6-eNeuron,CNTNAP1__L5-eNeuron,0.04649083688855171
NFASC__Olig,CNTNAP1__Adarb2-iNeuron,0.04648691043257713
ICAM5__L6-eNeuron,GLG1__L5-eNeuron,0.04648568481206894
NLGN2__L6-eNeuron,GLG1__L5-eNeuron,0.04638976231217384
NTRK3__L6-eNeuron,GLG1__L5-eNeuron,0.04637859761714935
GAS6__L5-eNeuron,LINGO1__L4-eNeuron,0.04583226889371872
CADM3__L6-eNeuron,CNTNAP1__L5-eNeuron,0.04566687345504761
LRRC4B__L6-eNeuron,CNTNAP1__L5-eNeuron,0.04543187469244003
WNT6__Olig,LRP5__astrocytes,0.045430202037096024
LRRC4B__L6-eNeuron,GLG1__L5-eNeuron,0.04534734785556793
RPH3A__L6-eNeuron,CNTNAP1__L5-eNeuron,0.0452999584376812
PDGFB__endothelial,LRP1__L2-L3-eNeuron,0.04528135806322098
CADM3__L6-eNeuron,GLG1__L5-eNeuron,0.04511185362935066
NFASC__Olig,CNTNAP1__Lhx6-iNeuron,0.04508957266807556
PDGFB__endothelial,LRP1__astrocytes,0.04507942497730255
RPH3A__L6-eNeuron,GLG1__L5-eNeuron,0.045040711760520935
PDGFB__endothelial,S1PR1__astrocytes,0.04500073194503784
OMG__microglia,RTN4R__L2-L3-eNeuron,0.04484247788786888
LAMB2__astrocytes,SV2A__OPC,0.044829994440078735
AGRN__L4-eNeuron,LRP4__OPC,0.04476453363895416
OMG__microglia,LINGO1__L2-L3-eNeuron,0.0445702001452446
NLGN2__L6-eNeuron,FLOT1__L5-eNeuron,0.04427361860871315
NTRK3__L6-eNeuron,FLOT1__L5-eNeuron,0.04398181661963463
GLG1__L6-eNeuron,FLOT1__L5-eNeuron,0.04397013038396835
GAS6__L5-eNeuron,GABBR2__L6-eNeuron,0.043807175010442734
GAS6__L5-eNeuron,KCNJ4__L4-eNeuron,0.04365640878677368
SHANK1__L6-eNeuron,CNTNAP1__L5-eNeuron,0.04350210726261139
LAMB2__mural,SV2A__astrocytes,0.04348311200737953
NLGN2__L6-eNeuron,RTN4R__L5-eNeuron,0.043335117399692535
LAMB2__endothelial,ITGB1__mural,0.0431913398206234
SHANK1__L6-eNeuron,GLG1__L5-eNeuron,0.04295846447348595
AGRN__endothelial,DAG1__mural,0.04295528680086136
PDGFB__microglia,LRP1__L2-L3-eNeuron,0.04255779832601547
LAMC1__mural,SV2A__OPC,0.04253093898296356
NTRK3__L6-eNeuron,RTN4R__L5-eNeuron,0.042529359459877014
ICAM5__L2-L3-eNeuron,LINGO1__L5-eNeuron,0.04249247908592224
NLGN2__L6-eNeuron,ADORA1__L5-eNeuron,0.042464952915906906
GLG1__L6-eNeuron,RTN4R__L5-eNeuron,0.04211962968111038
ICAM5__L6-eNeuron,FLOT1__L5-eNeuron,0.041978929191827774
AGRN__L4-eNeuron,DAG1__OPC,0.041718825697898865
LAMB2__mural,DAG1__OPC,0.041706860065460205
AGRN__endothelial,LRP4__OPC,0.041517920792102814
NTRK3__L6-eNeuron,ADORA1__L5-eNeuron,0.04150555655360222
PDGFB__microglia,LRP1__astrocytes,0.041461069136857986
AGRN__endothelial,DAG1__OPC,0.04146067425608635
AGRN__endothelial,LRP4__astrocytes,0.041440654546022415
AGRN__endothelial,DAG1__astrocytes,0.04143768548965454
SHANK1__L2-L3-eNeuron,SLC17A7__L4-eNeuron,0.04093753919005394
SHANK1__L2-L3-eNeuron,LINGO1__L4-eNeuron,0.040937524288892746
GLG1__L6-eNeuron,ADORA1__L5-eNeuron,0.04093683511018753
SHANK1__L2-L3-eNeuron,RTN4R__L4-eNeuron,0.04083595797419548
LAMC1__endothelial,SV2A__L4-eNeuron,0.04079484939575195
PLTP__endothelial,LINGO1__L5-eNeuron,0.040788404643535614
LAMC1__OPC,SV2A__astrocytes,0.04074699804186821
LAMC1__astrocytes,SV2A__OPC,0.04072175174951553
LAMB2__mural,SV2A__L2-L3-eNeuron,0.04071854054927826
CADM3__L6-eNeuron,FLOT1__L5-eNeuron,0.04048775136470795
AGRN__L4-eNeuron,LRP4__astrocytes,0.04048774763941765
GAS6__L5-eNeuron,RTN4R__L4-eNeuron,0.040476392954587936
SHANK1__L2-L3-eNeuron,KCNJ4__L4-eNeuron,0.040449973195791245
LRRC4B__L6-eNeuron,FLOT1__L5-eNeuron,0.040449358522892
PDGFB__microglia,S1PR1__astrocytes,0.040430061519145966
AGRN__L4-eNeuron,DAG1__astrocytes,0.04028370603919029
LAMB2__mural,SV2A__Adarb2-iNeuron,0.04019243270158768
LAMB2__mural,DAG1__astrocytes,0.04015688598155975
RPH3A__L6-eNeuron,FLOT1__L5-eNeuron,0.04005023092031479
LAMB2__mural,SV2A__Lhx6-iNeuron,0.040047019720077515
LAMB2__astrocytes,DAG1__OPC,0.03967192769050598
NLGN2__L6-eNeuron,HRH3__L5-eNeuron,0.03950978443026543
ICAM5__L6-eNeuron,RTN4R__L5-eNeuron,0.039230212569236755
LAMB2__astrocytes,SV2A__L2-L3-eNeuron,0.03920549526810646
CADM3__L2-L3-eNeuron,SLC17A7__L4-eNeuron,0.03904805704951286
CADM3__L2-L3-eNeuron,LINGO1__L4-eNeuron,0.039048053324222565
CADM3__L2-L3-eNeuron,RTN4R__L4-eNeuron,0.03903787210583687
CADM3__L2-L3-eNeuron,KCNJ4__L4-eNeuron,0.03899770602583885
LAMC1__astrocytes,DAG1__OPC,0.03886442631483078
ICAM5__L2-L3-eNeuron,SLC17A7__L4-eNeuron,0.03872321918606758
ICAM5__L2-L3-eNeuron,LINGO1__L4-eNeuron,0.038722746074199677
ICAM5__L2-L3-eNeuron,RTN4R__L4-eNeuron,0.03871909901499748
ICAM5__L2-L3-eNeuron,KCNJ4__L4-eNeuron,0.0387076698243618
NTRK3__L6-eNeuron,HRH3__L5-eNeuron,0.038691446185112
LAMC1__astrocytes,SV2A__L2-L3-eNeuron,0.03856636583805084
NLGN2__L6-eNeuron,NLGN2__L5-eNeuron,0.03834288567304611
LAMC1__astrocytes,SV2A__Adarb2-iNeuron,0.038318026810884476
LAMB2__astrocytes,SV2A__Adarb2-iNeuron,0.038289979100227356
LAMC1__astrocytes,SV2A__Lhx6-iNeuron,0.03827657550573349
LAMB2__astrocytes,SV2A__Lhx6-iNeuron,0.03813958168029785
ICAM5__L6-eNeuron,ADORA1__L5-eNeuron,0.038029104471206665
IGFBP4__L2-L3-eNeuron,SLC17A7__L4-eNeuron,0.03802071139216423
IGFBP4__L2-L3-eNeuron,LINGO1__L4-eNeuron,0.03802048787474632
IGFBP4__L2-L3-eNeuron,RTN4R__L4-eNeuron,0.03801747038960457
IGFBP4__L2-L3-eNeuron,KCNJ4__L4-eNeuron,0.038006965070962906
LAMC1__mural,SV2A__astrocytes,0.037980981171131134
BAG6__L2-L3-eNeuron,LINGO1__L5-eNeuron,0.037907928228378296
GLG1__L6-eNeuron,HRH3__L5-eNeuron,0.03778517618775368
LRRC4B__L6-eNeuron,RTN4R__L5-eNeuron,0.037715256214141846
GAS6__L5-eNeuron,AXL__mural,0.03769226744771004
CADM3__L6-eNeuron,RTN4R__L5-eNeuron,0.03767840191721916
LAMC1__OPC,SV2A__L2-L3-eNeuron,0.03739286586642265
RPH3A__L6-eNeuron,RTN4R__L5-eNeuron,0.037241216748952866
NTRK3__L6-eNeuron,NLGN2__L5-eNeuron,0.03713688999414444
SHANK1__L6-eNeuron,FLOT1__L5-eNeuron,0.03707750886678696
IGFBP4__L2-L3-eNeuron,LINGO1__L5-eNeuron,0.036933887749910355
LAMC1__OPC,SV2A__Adarb2-iNeuron,0.036882322281599045
LAMB2__endothelial,ITGA1__mural,0.03677719086408615
LAMC1__OPC,DAG1__astrocytes,0.03675917536020279
LAMC1__OPC,SV2A__Lhx6-iNeuron,0.03662959858775139
LRRC4B__L6-eNeuron,ADORA1__L5-eNeuron,0.036564894020557404
CADM3__L6-eNeuron,ADORA1__L5-eNeuron,0.0365016795694828
GLG1__L6-eNeuron,NLGN2__L5-eNeuron,0.03618333116173744
LAMB2__endothelial,DAG1__mural,0.03610309958457947
RPH3A__L6-eNeuron,ADORA1__L5-eNeuron,0.036080263555049896
SLITRK1__L2-L3-eNeuron,SLC17A7__L4-eNeuron,0.03592118248343468
SLITRK1__L2-L3-eNeuron,LINGO1__L4-eNeuron,0.035920027643442154
SLITRK1__L2-L3-eNeuron,RTN4R__L4-eNeuron,0.03591631352901459
SLITRK1__L2-L3-eNeuron,KCNJ4__L4-eNeuron,0.03590913116931915
BAG6__L2-L3-eNeuron,SLC17A7__L4-eNeuron,0.035673100501298904
BAG6__L2-L3-eNeuron,LINGO1__L4-eNeuron,0.035672690719366074
BAG6__L2-L3-eNeuron,RTN4R__L4-eNeuron,0.03567132726311684
BAG6__L2-L3-eNeuron,KCNJ4__L4-eNeuron,0.03566792607307434
LAMC1__mural,DAG1__OPC,0.03557600453495979
VEGFA__astrocytes,SLC17A7__L5-eNeuron,0.03495972976088524
ICAM5__L6-eNeuron,HRH3__L5-eNeuron,0.03487022966146469
AGRN__mural,LRP4__OPC,0.0348280668258667
SHANK1__L6-eNeuron,RTN4R__L5-eNeuron,0.034733571112155914
NLGN2__L6-eNeuron,CAP1__L5-eNeuron,0.03471355140209198
LAMC1__mural,SV2A__L2-L3-eNeuron,0.03465656563639641
VEGFA__astrocytes,FLT1__endothelial,0.03406843543052673
LAMC1__mural,SV2A__Adarb2-iNeuron,0.033880289644002914
LAMC1__mural,DAG1__astrocytes,0.03384092077612877
LAMC1__mural,SV2A__Lhx6-iNeuron,0.03369664028286934
LRRC4B__L6-eNeuron,HRH3__L5-eNeuron,0.0336933396756649
SHANK1__L6-eNeuron,ADORA1__L5-eNeuron,0.03362550213932991
NTRK3__L6-eNeuron,CAP1__L5-eNeuron,0.033483490347862244
CADM3__L6-eNeuron,HRH3__L5-eNeuron,0.033378854393959045
RPH3A__L6-eNeuron,HRH3__L5-eNeuron,0.033205244690179825
VEGFA__astrocytes,LINGO1__L5-eNeuron,0.03290513530373573
ICAM5__L6-eNeuron,NLGN2__L5-eNeuron,0.03283445164561272
VEGFA__astrocytes,SV2A__L5-eNeuron,0.032727375626564026
GLG1__L6-eNeuron,CAP1__L5-eNeuron,0.03240121901035309
SLITRK1__L2-L3-eNeuron,SV2A__L5-eNeuron,0.03239557147026062
LAMC1__endothelial,ITGB1__mural,0.03221350163221359
VEGFA__astrocytes,CNTNAP1__L5-eNeuron,0.03187120705842972
LRRC4B__L6-eNeuron,NLGN2__L5-eNeuron,0.03166179731488228
CADM3__L6-eNeuron,NLGN2__L5-eNeuron,0.031621526926755905
LAMB2__endothelial,SV2A__OPC,0.03153198957443237
SHANK1__L6-eNeuron,HRH3__L5-eNeuron,0.03145662695169449
AGRN__mural,DAG1__OPC,0.03131120651960373
RPH3A__L6-eNeuron,NLGN2__L5-eNeuron,0.03130219504237175
VEGFA__astrocytes,KCNJ4__L5-eNeuron,0.0312645398080349
LAMB2__endothelial,SV2A__astrocytes,0.03125709667801857
LAMB2__endothelial,DAG1__OPC,0.03110872209072113
LAMB2__endothelial,SV2A__L2-L3-eNeuron,0.031051313504576683
LAMB2__endothelial,SV2A__Adarb2-iNeuron,0.031015994027256966
LAMB2__endothelial,DAG1__astrocytes,0.031014319509267807
ICAM5__L2-L3-eNeuron,SV2A__L5-eNeuron,0.031009530648589134
LAMB2__endothelial,SV2A__Lhx6-iNeuron,0.031006954610347748
PLTP__endothelial,SLC17A7__L4-eNeuron,0.030992893502116203
PLTP__endothelial,LINGO1__L4-eNeuron,0.030991343781352043
SLITRK1__L2-L3-eNeuron,STX1A__L5-eNeuron,0.03098001703619957
SLITRK1__L2-L3-eNeuron,EPHB6__L5-eNeuron,0.030925720930099487
VEGFA__astrocytes,GABBR2__L5-eNeuron,0.03074856474995613
VEGFA__astrocytes,STX1A__L5-eNeuron,0.030656833201646805
VEGFA__astrocytes,EPHB6__L5-eNeuron,0.030617263168096542
SHANK1__L2-L3-eNeuron,SLC17A7__L5-eNeuron,0.030473574995994568
SLITRK1__L2-L3-eNeuron,ADCY1__L5-eNeuron,0.030401693657040596
PLTP__endothelial,RTN4R__L4-eNeuron,0.030361512675881386
VEGFA__astrocytes,GLG1__L5-eNeuron,0.030307434499263763
VEGFA__astrocytes,ADCY1__L5-eNeuron,0.03027615323662758
SHANK1__L6-eNeuron,NLGN2__L5-eNeuron,0.030252164229750633
ICAM5__L2-L3-eNeuron,STX1A__L5-eNeuron,0.030241047963500023
ICAM5__L2-L3-eNeuron,EPHB6__L5-eNeuron,0.030174560844898224
ICAM5__L6-eNeuron,CAP1__L5-eNeuron,0.030142607167363167
AGRN__mural,LRP4__astrocytes,0.02999393455684185
LAMC1__endothelial,ITGA1__mural,0.02997882105410099
VEGFA__astrocytes,NLGN2__L5-eNeuron,0.02995549514889717
ICAM5__L2-L3-eNeuron,ADCY1__L5-eNeuron,0.0299544595181942
SLITRK1__L2-L3-eNeuron,KCNJ4__L5-eNeuron,0.02992565929889679
VEGFA__astrocytes,RTN4R__L5-eNeuron,0.02991403266787529
LAMC1__endothelial,DAG1__mural,0.029912669211626053
SHANK1__L2-L3-eNeuron,LINGO1__L5-eNeuron,0.029873188585042953
SHANK1__L2-L3-eNeuron,SV2A__L5-eNeuron,0.02987046167254448
SHANK1__L2-L3-eNeuron,CNTNAP1__L5-eNeuron,0.029868001118302345
SHANK1__L2-L3-eNeuron,KCNJ4__L5-eNeuron,0.029866885393857956
SHANK1__L2-L3-eNeuron,NLGN2__L5-eNeuron,0.02986648678779602
SHANK1__L2-L3-eNeuron,STX1A__L5-eNeuron,0.02986612170934677
SHANK1__L2-L3-eNeuron,GABBR2__L5-eNeuron,0.029866017401218414
SHANK1__L2-L3-eNeuron,EPHB6__L5-eNeuron,0.029865991324186325
SHANK1__L2-L3-eNeuron,ADCY1__L5-eNeuron,0.029865499585866928
SHANK1__L2-L3-eNeuron,GLG1__L5-eNeuron,0.029865454882383347
SHANK1__L2-L3-eNeuron,RTN4R__L5-eNeuron,0.029865311458706856
SHANK1__L2-L3-eNeuron,CAP1__L5-eNeuron,0.02986530400812626
SHANK1__L2-L3-eNeuron,HRH3__L5-eNeuron,0.02986503764986992
SHANK1__L2-L3-eNeuron,ADORA1__L5-eNeuron,0.02986491471529007
SHANK1__L2-L3-eNeuron,FLOT1__L5-eNeuron,0.029864830896258354
SHANK1__L2-L3-eNeuron,SLC17A7__L6-eNeuron,0.029863839969038963
SHANK1__L2-L3-eNeuron,SV2A__L6-eNeuron,0.029863830655813217
SHANK1__L2-L3-eNeuron,CNTNAP1__L6-eNeuron,0.029863828793168068
SHANK1__L2-L3-eNeuron,GABBR2__L6-eNeuron,0.02986382693052292
SHANK1__L2-L3-eNeuron,LINGO1__L6-eNeuron,0.02986382693052292
SHANK1__L2-L3-eNeuron,EPHB6__L6-eNeuron,0.02986382693052292
SHANK1__L2-L3-eNeuron,ADCY1__L6-eNeuron,0.02986382693052292
SHANK1__L2-L3-eNeuron,STX1A__L6-eNeuron,0.02986382693052292
AGRN__mural,DAG1__astrocytes,0.029813528060913086
ICAM5__L2-L3-eNeuron,KCNJ4__L5-eNeuron,0.029712507501244545
VEGFA__astrocytes,FLOT1__L5-eNeuron,0.02962208166718483
PLTP__endothelial,SV2A__L5-eNeuron,0.02944004163146019
VEGFA__astrocytes,ADORA1__L5-eNeuron,0.029384596273303032
VEGFA__astrocytes,HRH3__L5-eNeuron,0.029352735728025436
LRRC4B__L6-eNeuron,CAP1__L5-eNeuron,0.029213134199380875
CADM3__L6-eNeuron,CAP1__L5-eNeuron,0.029211021959781647
IGFBP4__L2-L3-eNeuron,SV2A__L5-eNeuron,0.029125329107046127
SHANK1__L6-eNeuron,CAP1__L5-eNeuron,0.029040681198239326
RPH3A__L6-eNeuron,CAP1__L5-eNeuron,0.029032709077000618
ICAM5__L2-L3-eNeuron,GABBR2__L5-eNeuron,0.028767552226781845
IGFBP4__L2-L3-eNeuron,STX1A__L5-eNeuron,0.02865975722670555
IGFBP4__L2-L3-eNeuron,EPHB6__L5-eNeuron,0.028656454756855965
CADM3__L2-L3-eNeuron,LINGO1__L5-eNeuron,0.028582673519849777
VEGFA__astrocytes,CAP1__L5-eNeuron,0.02856820449233055
BAG6__L2-L3-eNeuron,SV2A__L5-eNeuron,0.0285252183675766
PLTP__endothelial,KCNJ4__L4-eNeuron,0.028510479256510735
IGFBP4__L2-L3-eNeuron,ADCY1__L5-eNeuron,0.02847638539969921
ICAM5__L2-L3-eNeuron,CNTNAP1__L5-eNeuron,0.028474126011133194
IGFBP4__L2-L3-eNeuron,KCNJ4__L5-eNeuron,0.0284546110779047
CADM3__L2-L3-eNeuron,SV2A__L5-eNeuron,0.028386712074279785
LAMC1__endothelial,SV2A__OPC,0.028368717059493065
CADM3__L2-L3-eNeuron,KCNJ4__L5-eNeuron,0.028343774378299713
CADM3__L2-L3-eNeuron,CNTNAP1__L5-eNeuron,0.02834298461675644
CADM3__L2-L3-eNeuron,STX1A__L5-eNeuron,0.028341341763734818
CADM3__L2-L3-eNeuron,EPHB6__L5-eNeuron,0.02833923138678074
CADM3__L2-L3-eNeuron,ADCY1__L5-eNeuron,0.028331656008958817
CADM3__L2-L3-eNeuron,GABBR2__L5-eNeuron,0.028327256441116333
CADM3__L2-L3-eNeuron,NLGN2__L5-eNeuron,0.028324134647846222
CADM3__L2-L3-eNeuron,GLG1__L5-eNeuron,0.02831798791885376
CADM3__L2-L3-eNeuron,RTN4R__L5-eNeuron,0.02831375226378441
CADM3__L2-L3-eNeuron,CAP1__L5-eNeuron,0.02831280045211315
CADM3__L2-L3-eNeuron,HRH3__L5-eNeuron,0.028310641646385193
CADM3__L2-L3-eNeuron,FLOT1__L5-eNeuron,0.028309781104326248
CADM3__L2-L3-eNeuron,ADORA1__L5-eNeuron,0.02830975502729416
CADM3__L2-L3-eNeuron,SLC17A7__L6-eNeuron,0.02829970233142376
CADM3__L2-L3-eNeuron,SV2A__L6-eNeuron,0.028298862278461456
CADM3__L2-L3-eNeuron,ADCY1__L6-eNeuron,0.02829875610768795
CADM3__L2-L3-eNeuron,EPHB6__L6-eNeuron,0.02829872816801071
CADM3__L2-L3-eNeuron,CNTNAP1__L6-eNeuron,0.02829870581626892
CADM3__L2-L3-eNeuron,STX1A__L6-eNeuron,0.028298690915107727
CADM3__L2-L3-eNeuron,LINGO1__L6-eNeuron,0.028298664838075638
CADM3__L2-L3-eNeuron,GABBR2__L6-eNeuron,0.02829863131046295
VEGFA__astrocytes,SLC17A7__L6-eNeuron,0.02829752303659916
ICAM5__L2-L3-eNeuron,GLG1__L5-eNeuron,0.028281470760703087
LAMC1__endothelial,SV2A__astrocytes,0.02827097475528717
LAMC1__endothelial,DAG1__OPC,0.02823220007121563
LAMC1__endothelial,SV2A__L2-L3-eNeuron,0.028216127306222916
LAMC1__endothelial,SV2A__Adarb2-iNeuron,0.02820560149848461
LAMC1__endothelial,DAG1__astrocytes,0.028204696252942085
LAMC1__endothelial,SV2A__Lhx6-iNeuron,0.02820270135998726
PLTP__endothelial,EPHB6__L5-eNeuron,0.028070995584130287
ICAM5__L2-L3-eNeuron,FLOT1__L5-eNeuron,0.02801193669438362
ICAM5__L2-L3-eNeuron,RTN4R__L5-eNeuron,0.027943652123212814
ICAM5__L2-L3-eNeuron,ADORA1__L5-eNeuron,0.0279098954051733
BAG6__L2-L3-eNeuron,STX1A__L5-eNeuron,0.027908949181437492
IGFBP4__L2-L3-eNeuron,GABBR2__L5-eNeuron,0.027908438816666603
ICAM5__L2-L3-eNeuron,NLGN2__L5-eNeuron,0.027899689972400665
ICAM5__L2-L3-eNeuron,SLC17A7__L6-eNeuron,0.02789023146033287
ICAM5__L2-L3-eNeuron,HRH3__L5-eNeuron,0.02787994220852852
SLITRK1__L2-L3-eNeuron,GABBR2__L5-eNeuron,0.027854477986693382
ICAM5__L2-L3-eNeuron,CAP1__L5-eNeuron,0.02783910371363163
ICAM5__L2-L3-eNeuron,SV2A__L6-eNeuron,0.02779199182987213
ICAM5__L2-L3-eNeuron,ADCY1__L6-eNeuron,0.027782373130321503
ICAM5__L2-L3-eNeuron,EPHB6__L6-eNeuron,0.027779661118984222
IGFBP4__L2-L3-eNeuron,CNTNAP1__L5-eNeuron,0.02777732163667679
ICAM5__L2-L3-eNeuron,CNTNAP1__L6-eNeuron,0.02777622640132904
ICAM5__L2-L3-eNeuron,STX1A__L6-eNeuron,0.02777581661939621
ICAM5__L2-L3-eNeuron,LINGO1__L6-eNeuron,0.027773814275860786
PLTP__endothelial,ADCY1__L5-eNeuron,0.027771111577749252
ICAM5__L2-L3-eNeuron,GABBR2__L6-eNeuron,0.02777024172246456
PLTP__endothelial,STX1A__L5-eNeuron,0.027708526700735092
BAG6__L2-L3-eNeuron,EPHB6__L5-eNeuron,0.027674339711666107
IGFBP4__L2-L3-eNeuron,GLG1__L5-eNeuron,0.027645355090498924
SHANK1__L6-eNeuron,SLC17A7__L4-eNeuron,0.027499644085764885
IGFBP4__L2-L3-eNeuron,FLOT1__L5-eNeuron,0.02748134359717369
SHANK1__L6-eNeuron,LINGO1__L4-eNeuron,0.027470391243696213
IGFBP4__L2-L3-eNeuron,RTN4R__L5-eNeuron,0.027463274076581
IGFBP4__L2-L3-eNeuron,NLGN2__L5-eNeuron,0.02745797485113144
SHANK1__L6-eNeuron,KCNJ4__L4-eNeuron,0.02745215781033039
IGFBP4__L2-L3-eNeuron,ADORA1__L5-eNeuron,0.027435969561338425
SHANK1__L6-eNeuron,RTN4R__L4-eNeuron,0.027426380664110184
IGFBP4__L2-L3-eNeuron,HRH3__L5-eNeuron,0.02742035686969757
IGFBP4__L2-L3-eNeuron,CAP1__L5-eNeuron,0.027406662702560425
IGFBP4__L2-L3-eNeuron,SLC17A7__L6-eNeuron,0.027404140681028366
BAG6__L2-L3-eNeuron,KCNJ4__L5-eNeuron,0.027378730475902557
IGFBP4__L2-L3-eNeuron,SV2A__L6-eNeuron,0.02735617756843567
IGFBP4__L2-L3-eNeuron,ADCY1__L6-eNeuron,0.027351360768079758
IGFBP4__L2-L3-eNeuron,EPHB6__L6-eNeuron,0.02734963782131672
IGFBP4__L2-L3-eNeuron,CNTNAP1__L6-eNeuron,0.027347855269908905
IGFBP4__L2-L3-eNeuron,STX1A__L6-eNeuron,0.02734779566526413
IGFBP4__L2-L3-eNeuron,LINGO1__L6-eNeuron,0.027346516028046608
IGFBP4__L2-L3-eNeuron,GABBR2__L6-eNeuron,0.02734466642141342
BAG6__L2-L3-eNeuron,ADCY1__L5-eNeuron,0.027337372303009033
VEGFA__astrocytes,SV2A__L6-eNeuron,0.027200136333703995
SLITRK1__L2-L3-eNeuron,CNTNAP1__L5-eNeuron,0.027079613879323006
PLTP__endothelial,KCNJ4__L5-eNeuron,0.02685580775141716
SLITRK1__L2-L3-eNeuron,GLG1__L5-eNeuron,0.026728006079792976
BAG6__L2-L3-eNeuron,GABBR2__L5-eNeuron,0.02659943886101246
BAG6__L2-L3-eNeuron,CNTNAP1__L5-eNeuron,0.026541516184806824
ICAM5__L6-eNeuron,SLC17A7__L4-eNeuron,0.026360010728240013
ICAM5__L6-eNeuron,LINGO1__L4-eNeuron,0.02627061866223812
VEGFA__astrocytes,ADCY1__L6-eNeuron,0.026266254484653473
ICAM5__L6-eNeuron,KCNJ4__L4-eNeuron,0.026212820783257484
BAG6__L2-L3-eNeuron,GLG1__L5-eNeuron,0.02617396041750908
ICAM5__L6-eNeuron,RTN4R__L4-eNeuron,0.0261429063975811
SLITRK1__L2-L3-eNeuron,FLOT1__L5-eNeuron,0.026093998923897743
VEGFA__astrocytes,EPHB6__L6-eNeuron,0.026083365082740784
GLG1__L6-eNeuron,SLC17A7__L4-eNeuron,0.026080625131726265
RPH3A__L6-eNeuron,SLC17A7__L4-eNeuron,0.026041053235530853
CADM3__L6-eNeuron,SLC17A7__L4-eNeuron,0.025978371500968933
RPH3A__L6-eNeuron,LINGO1__L4-eNeuron,0.025973524898290634
LRRC4B__L6-eNeuron,SLC17A7__L4-eNeuron,0.02593730390071869
RPH3A__L6-eNeuron,KCNJ4__L4-eNeuron,0.02592516504228115
SLITRK1__L2-L3-eNeuron,RTN4R__L5-eNeuron,0.025911126285791397
CADM3__L6-eNeuron,LINGO1__L4-eNeuron,0.025909768417477608
BAG6__L2-L3-eNeuron,NLGN2__L5-eNeuron,0.025906991213560104
GLG1__L6-eNeuron,LINGO1__L4-eNeuron,0.025904390960931778
BAG6__L2-L3-eNeuron,FLOT1__L5-eNeuron,0.02589273452758789
BAG6__L2-L3-eNeuron,RTN4R__L5-eNeuron,0.025873787701129913
RPH3A__L6-eNeuron,RTN4R__L4-eNeuron,0.02587319165468216
CADM3__L6-eNeuron,KCNJ4__L4-eNeuron,0.025863423943519592
LRRC4B__L6-eNeuron,LINGO1__L4-eNeuron,0.025858823210000992
SLITRK1__L2-L3-eNeuron,ADORA1__L5-eNeuron,0.02584289200603962
SLITRK1__L2-L3-eNeuron,SLC17A7__L6-eNeuron,0.02583443745970726
BAG6__L2-L3-eNeuron,ADORA1__L5-eNeuron,0.025812705978751183
BAG6__L2-L3-eNeuron,HRH3__L5-eNeuron,0.025806229561567307
CADM3__L6-eNeuron,RTN4R__L4-eNeuron,0.025801701471209526
LRRC4B__L6-eNeuron,KCNJ4__L4-eNeuron,0.025799307972192764
BAG6__L2-L3-eNeuron,CAP1__L5-eNeuron,0.025789091363549232
SLITRK1__L2-L3-eNeuron,HRH3__L5-eNeuron,0.025761678814888
SLITRK1__L2-L3-eNeuron,NLGN2__L5-eNeuron,0.025755492970347404
LRRC4B__L6-eNeuron,RTN4R__L4-eNeuron,0.025743525475263596
GLG1__L6-eNeuron,KCNJ4__L4-eNeuron,0.02573150023818016
BAG6__L2-L3-eNeuron,SLC17A7__L6-eNeuron,0.025730878114700317
BAG6__L2-L3-eNeuron,SV2A__L6-eNeuron,0.02566026709973812
SLITRK1__L2-L3-eNeuron,CAP1__L5-eNeuron,0.025650952011346817
BAG6__L2-L3-eNeuron,ADCY1__L6-eNeuron,0.025649691000580788
BAG6__L2-L3-eNeuron,EPHB6__L6-eNeuron,0.025647832080721855
BAG6__L2-L3-eNeuron,CNTNAP1__L6-eNeuron,0.02564649097621441
BAG6__L2-L3-eNeuron,STX1A__L6-eNeuron,0.025643955916166306
BAG6__L2-L3-eNeuron,LINGO1__L6-eNeuron,0.02564171701669693
BAG6__L2-L3-eNeuron,GABBR2__L6-eNeuron,0.02563895285129547
SLITRK1__L2-L3-eNeuron,SV2A__L6-eNeuron,0.025591423735022545
GLG1__L6-eNeuron,RTN4R__L4-eNeuron,0.0255841463804245
SLITRK1__L2-L3-eNeuron,ADCY1__L6-eNeuron,0.0255679190158844
SLITRK1__L2-L3-eNeuron,EPHB6__L6-eNeuron,0.02556098811328411
NLGN2__L6-eNeuron,SLC17A7__L4-eNeuron,0.02555365487933159
SLITRK1__L2-L3-eNeuron,CNTNAP1__L6-eNeuron,0.025552241131663322
SLITRK1__L2-L3-eNeuron,STX1A__L6-eNeuron,0.0255515705794096
SLITRK1__L2-L3-eNeuron,LINGO1__L6-eNeuron,0.02554655820131302
SLITRK1__L2-L3-eNeuron,GABBR2__L6-eNeuron,0.0255376435816288
VEGFA__astrocytes,SLC17A7__L4-eNeuron,0.025488194078207016
NTRK3__L6-eNeuron,SLC17A7__L4-eNeuron,0.025406107306480408
NLGN2__L6-eNeuron,LINGO1__L4-eNeuron,0.025205960497260094
VEGFA__astrocytes,STX1A__L6-eNeuron,0.025194603949785233
NTRK3__L6-eNeuron,LINGO1__L4-eNeuron,0.025160133838653564
GAS6__L5-eNeuron,ADCY1__L2-L3-eNeuron,0.02503425069153309
VEGFA__astrocytes,CNTNAP1__L6-eNeuron,0.02502227947115898
GAS6__L5-eNeuron,KCNJ4__L2-L3-eNeuron,0.02492685802280903
NTRK3__L6-eNeuron,KCNJ4__L4-eNeuron,0.024914566427469254
NLGN2__L6-eNeuron,KCNJ4__L4-eNeuron,0.0249114241451025
GAS6__L5-eNeuron,STX1A__L2-L3-eNeuron,0.024910125881433487
GAS6__L5-eNeuron,LINGO1__L2-L3-eNeuron,0.02489401213824749
GAS6__L5-eNeuron,SLC17A7__L2-L3-eNeuron,0.024887802079319954
NTRK3__L6-eNeuron,RTN4R__L4-eNeuron,0.024710552766919136
NLGN2__L6-eNeuron,RTN4R__L4-eNeuron,0.02467413619160652
VEGFA__astrocytes,LINGO1__L4-eNeuron,0.024519532918930054
PLTP__endothelial,GABBR2__L5-eNeuron,0.024457745254039764
VEGFA__astrocytes,LINGO1__L6-eNeuron,0.024431666359305382
PLTP__endothelial,CNTNAP1__L5-eNeuron,0.023177918046712875
VEGFA__astrocytes,KCNJ4__L4-eNeuron,0.02315695211291313
PLTP__endothelial,GLG1__L5-eNeuron,0.023072674870491028
VEGFA__astrocytes,GABBR2__L6-eNeuron,0.022738324478268623
PLTP__endothelial,FLOT1__L5-eNeuron,0.022388119250535965
PLTP__endothelial,SLC17A7__L6-eNeuron,0.022107074037194252
PLTP__endothelial,RTN4R__L5-eNeuron,0.02208956517279148
PLTP__endothelial,ADORA1__L5-eNeuron,0.022060789167881012
PLTP__endothelial,HRH3__L5-eNeuron,0.021906837821006775
PLTP__endothelial,NLGN2__L5-eNeuron,0.021829800680279732
PLTP__endothelial,CAP1__L5-eNeuron,0.021744459867477417
PLTP__endothelial,SV2A__L6-eNeuron,0.02174410969018936
PLTP__endothelial,ADCY1__L6-eNeuron,0.021723372861742973
PLTP__endothelial,EPHB6__L6-eNeuron,0.02171291410923004
PLTP__endothelial,STX1A__L6-eNeuron,0.02170313522219658
PLTP__endothelial,LINGO1__L6-eNeuron,0.02169901877641678
PLTP__endothelial,CNTNAP1__L6-eNeuron,0.021695373579859734
PLTP__endothelial,GABBR2__L6-eNeuron,0.021686457097530365
PLTP__endothelial,ADCY1__L2-L3-eNeuron,0.021668320521712303
PLTP__endothelial,KCNJ4__L2-L3-eNeuron,0.021668286994099617
PLTP__endothelial,STX1A__L2-L3-eNeuron,0.02166828140616417
PLTP__endothelial,LINGO1__L2-L3-eNeuron,0.021668273955583572
PLTP__endothelial,SLC17A7__L2-L3-eNeuron,0.021668272092938423
VEGFA__astrocytes,RTN4R__L4-eNeuron,0.021219750866293907
SHANK1__L6-eNeuron,ADCY1__L2-L3-eNeuron,0.021052801981568336
SHANK1__L6-eNeuron,STX1A__L2-L3-eNeuron,0.02071273699402809
SHANK1__L6-eNeuron,KCNJ4__L2-L3-eNeuron,0.020655594766139984
SHANK1__L6-eNeuron,LINGO1__L2-L3-eNeuron,0.02063549868762493
SHANK1__L6-eNeuron,SLC17A7__L2-L3-eNeuron,0.020634427666664124
VEGFA__astrocytes,ITGB1__mural,0.020091038197278976
ICAM5__L6-eNeuron,ADCY1__L2-L3-eNeuron,0.01933642476797104
RPH3A__L6-eNeuron,ADCY1__L2-L3-eNeuron,0.019281266257166862
ICAM5__L6-eNeuron,STX1A__L2-L3-eNeuron,0.019264528527855873
ICAM5__L6-eNeuron,KCNJ4__L2-L3-eNeuron,0.019253524020314217
ICAM5__L6-eNeuron,LINGO1__L2-L3-eNeuron,0.019249094650149345
ICAM5__L6-eNeuron,SLC17A7__L2-L3-eNeuron,0.01924879476428032
RPH3A__L6-eNeuron,STX1A__L2-L3-eNeuron,0.019160069525241852
LRRC4B__L6-eNeuron,ADCY1__L2-L3-eNeuron,0.01915331929922104
RPH3A__L6-eNeuron,KCNJ4__L2-L3-eNeuron,0.019140807911753654
RPH3A__L6-eNeuron,LINGO1__L2-L3-eNeuron,0.01913364976644516
RPH3A__L6-eNeuron,SLC17A7__L2-L3-eNeuron,0.019133221358060837
CADM3__L6-eNeuron,ADCY1__L2-L3-eNeuron,0.019128696992993355
CADM3__L6-eNeuron,STX1A__L2-L3-eNeuron,0.019049933180212975
CADM3__L6-eNeuron,KCNJ4__L2-L3-eNeuron,0.019037682563066483
CADM3__L6-eNeuron,LINGO1__L2-L3-eNeuron,0.019032930955290794
CADM3__L6-eNeuron,SLC17A7__L2-L3-eNeuron,0.019032631069421768
LRRC4B__L6-eNeuron,STX1A__L2-L3-eNeuron,0.019028862938284874
LRRC4B__L6-eNeuron,KCNJ4__L2-L3-eNeuron,0.019009146839380264
LRRC4B__L6-eNeuron,LINGO1__L2-L3-eNeuron,0.01900174655020237
LRRC4B__L6-eNeuron,SLC17A7__L2-L3-eNeuron,0.019001292064785957
VEGFA__astrocytes,FLT1__mural,0.018734071403741837
GLG1__L6-eNeuron,ADCY1__L2-L3-eNeuron,0.018615467473864555
GLG1__L6-eNeuron,STX1A__L2-L3-eNeuron,0.018578048795461655
GLG1__L6-eNeuron,KCNJ4__L2-L3-eNeuron,0.01857350952923298
GLG1__L6-eNeuron,LINGO1__L2-L3-eNeuron,0.018570346757769585
GLG1__L6-eNeuron,SLC17A7__L2-L3-eNeuron,0.018569983541965485
NTRK3__L6-eNeuron,ADCY1__L2-L3-eNeuron,0.01792820915579796
NTRK3__L6-eNeuron,STX1A__L2-L3-eNeuron,0.017868954688310623
NTRK3__L6-eNeuron,KCNJ4__L2-L3-eNeuron,0.017861511558294296
NTRK3__L6-eNeuron,LINGO1__L2-L3-eNeuron,0.017856663092970848
NTRK3__L6-eNeuron,SLC17A7__L2-L3-eNeuron,0.01785612478852272
NLGN2__L6-eNeuron,ADCY1__L2-L3-eNeuron,0.017795026302337646
NLGN2__L6-eNeuron,STX1A__L2-L3-eNeuron,0.01774757355451584
NLGN2__L6-eNeuron,KCNJ4__L2-L3-eNeuron,0.017742669209837914
NLGN2__L6-eNeuron,LINGO1__L2-L3-eNeuron,0.01773815043270588
NLGN2__L6-eNeuron,SLC17A7__L2-L3-eNeuron,0.01773754693567753
VEGFA__astrocytes,EGFR__Adarb2-iNeuron,0.013513692654669285
VEGFA__astrocytes,ADCY1__L2-L3-eNeuron,0.013364244252443314
VEGFA__astrocytes,KCNJ4__L2-L3-eNeuron,0.013302193954586983
VEGFA__astrocytes,STX1A__L2-L3-eNeuron,0.013293031603097916
VEGFA__astrocytes,LINGO1__L2-L3-eNeuron,0.013281535357236862
VEGFA__astrocytes,SLC17A7__L2-L3-eNeuron,0.013277831487357616
