cell,cluster,x,y
cell_1,L2-L3-eNeuron,1632.02,-1305.7
cell_2,L2-L3-eNeuron,1589.47,-669.51
cell_3,L2-L3-eNeuron,1539.89,-1185.9
cell_4,Lhx6-iNeuron,1513.94,-710.24
cell_5,L2-L3-eNeuron,1477.85,-763.87
cell_6,Lhx6-iNeuron,1304.03,-1142.4
cell_7,L2-L3-eNeuron,1291.34,-957.71
cell_8,Adarb2-iNeuron,1282.49,-1725.4
cell_9,L2-L3-eNeuron,1218.73,-806.56
cell_10,L2-L3-eNeuron,1192.59,-1800.1
cell_11,L2-L3-eNeuron,1202.12,-1886
cell_12,L2-L3-eNeuron,1183.07,-950.97
cell_13,microglia,1162.46,-593.51
cell_14,L2-L3-eNeuron,1128.82,-1596.5
cell_15,L2-L3-eNeuron,1115.86,-1021.4
cell_16,Lhx6-iNeuron,1102.88,-1696
cell_17,L2-L3-eNeuron,1074.92,-391.16
cell_18,L2-L3-eNeuron,1045.9,-597.81
cell_19,microglia,1037.4,-1865.2
cell_20,L2-L3-eNeuron,1024.7,-469.54
cell_21,L2-L3-eNeuron,1017.8,-1636.6
cell_22,Lhx6-iNeuron,1006,-344.12
cell_23,endothelial,992.9,-1293.3
cell_24,Adarb2-iNeuron,980.8,-1378.9
cell_25,L2-L3-eNeuron,938.6,-1594.2
cell_26,Adarb2-iNeuron,922.8,-822.23
cell_27,L2-L3-eNeuron,923.3,-560.36
cell_28,L2-L3-eNeuron,912.5,-742.3
cell_29,L2-L3-eNeuron,913.1,-1751.6
cell_30,L2-L3-eNeuron,882,-668.36
cell_31,L2-L3-eNeuron,810.5,-241.57
cell_32,L2-L3-eNeuron,800.9,-624.11
cell_33,L2-L3-eNeuron,802.4,-103.12
cell_34,L2-L3-eNeuron,798.2,-449.39
cell_35,mural,752.7,-1342.6
cell_36,Adarb2-iNeuron,704.5,-407.86
cell_37,astrocytes,618.2,-894.7
cell_38,OPC,610.6,-1272.8
cell_39,L2-L3-eNeuron,612.9,-1363.8
cell_40,astrocytes,565.4,-421.27
cell_41,Adarb2-iNeuron,553.6,-271.42
cell_42,astrocytes,531.9,-1069
cell_43,astrocytes,460.6,-426.59
cell_44,endothelial,417.4,-669.71
cell_45,astrocytes,359.3,-782.61
cell_46,microglia,348.1,-228.25
cell_47,Adarb2-iNeuron,354.2,-442.86
cell_48,OPC,341.4,-973.21
cell_49,Adarb2-iNeuron,321,-1201.2
cell_50,microglia,321.4,-854.77
cell_51,astrocytes,1924.97,-855.84
cell_52,L2-L3-eNeuron,1838.05,-469.57
cell_53,L2-L3-eNeuron,1831.19,-1090.2
cell_54,OPC,1801.58,-267.56
cell_55,L4-eNeuron,1785.95,-981.25
cell_56,L2-L3-eNeuron,1769.95,-390.59
cell_57,L2-L3-eNeuron,1734.44,-1117
cell_58,L2-L3-eNeuron,1687.25,-520.51
cell_59,L2-L3-eNeuron,1664.57,-980.24
cell_60,Adarb2-iNeuron,1657.9,-799.96
cell_61,L2-L3-eNeuron,1508.52,-527.31
cell_62,Adarb2-iNeuron,1482.67,-621.1
cell_63,L2-L3-eNeuron,1369.49,-571.13
cell_64,L4-eNeuron,1839.07,-1458
cell_65,L4-eNeuron,1802.32,-1738.7
cell_66,microglia,1805,-1561.7
cell_67,L2-L3-eNeuron,1812.68,-1319.2
cell_68,L2-L3-eNeuron,1797.44,-1875.4
cell_69,L2-L3-eNeuron,1712.56,-1428.9
cell_70,L2-L3-eNeuron,1679.39,-152.2
cell_71,L2-L3-eNeuron,1649.39,-334.16
cell_72,L2-L3-eNeuron,1632.03,-1623.4
cell_73,L2-L3-eNeuron,1575.96,-228.45
cell_74,L2-L3-eNeuron,1575.84,-1829.6
cell_75,L2-L3-eNeuron,1556.42,-1741.8
cell_76,L2-L3-eNeuron,1566.09,-1418.1
cell_77,L2-L3-eNeuron,1551.13,-363.87
cell_78,L2-L3-eNeuron,1492.65,-291.89
cell_79,L2-L3-eNeuron,1474.76,-1745
cell_80,L2-L3-eNeuron,1466.01,-1617.6
cell_81,L2-L3-eNeuron,1449.26,-1238
cell_82,L4-eNeuron,1457.75,-1875.9
cell_83,L2-L3-eNeuron,1457.65,-402.8
cell_84,L2-L3-eNeuron,1444.82,-238.72
cell_85,L2-L3-eNeuron,1440.75,-1298.3
cell_86,Lhx6-iNeuron,1427.06,-1401
cell_87,endothelial,1414.83,-312.93
cell_88,L2-L3-eNeuron,1400.12,-448.36
cell_89,L4-eNeuron,1357.53,-699.92
cell_90,L4-eNeuron,1351.5,-1923.8
cell_91,L2-L3-eNeuron,1339.72,-370.94
cell_92,L2-L3-eNeuron,1298.05,-781.88
cell_93,L2-L3-eNeuron,1244.38,-191.29
cell_94,Lhx6-iNeuron,1232.85,-1960
cell_95,L2-L3-eNeuron,1228.13,-739.38
cell_96,L4-eNeuron,1210.65,-374.81
cell_97,L2-L3-eNeuron,1208,-1502.4
cell_98,L2-L3-eNeuron,1171.89,-266
cell_99,L2-L3-eNeuron,1156.03,-1357.2
cell_100,astrocytes,1142.25,-446.9
cell_101,L2-L3-eNeuron,1109.02,-1308.9
cell_102,L4-eNeuron,1124.85,-745.68
cell_103,L2-L3-eNeuron,1106.51,-1460.8
cell_104,L4-eNeuron,1064.34,-799.79
cell_105,OPC,992.3,-996.9
cell_106,OPC,990.5,-886.81
cell_107,Lhx6-iNeuron,969.6,-1198.5
cell_108,L2-L3-eNeuron,956.3,-113.16
cell_109,L2-L3-eNeuron,939.4,-280.75
cell_110,Adarb2-iNeuron,907.5,-1444
cell_111,L2-L3-eNeuron,894.4,-234.96
cell_112,L2-L3-eNeuron,891.1,-404.65
cell_113,L2-L3-eNeuron,874.3,-1127
cell_114,Adarb2-iNeuron,786.5,-921.13
cell_115,L2-L3-eNeuron,775.7,-796.06
cell_116,endothelial,490.8,-1336
cell_117,endothelial,421.9,-1794.6
cell_118,astrocytes,270,-1383.3
cell_119,L4-eNeuron,1915.47,-1378.7
cell_120,L4-eNeuron,1896.97,-1547.5
cell_121,L2-L3-eNeuron,1811.07,-1634
cell_122,L4-eNeuron,3248.83,-681.3
cell_123,L4-eNeuron,3142.78,-773.77
cell_124,OPC,3121.48,-861.26
cell_125,L4-eNeuron,3076.52,-682.46
cell_126,endothelial,3023.19,-495.56
cell_127,L4-eNeuron,3013.1,-594.86
cell_128,L4-eNeuron,2990.89,-837.63
cell_129,L4-eNeuron,2904.34,-667.59
cell_130,L4-eNeuron,2865.11,-575.64
cell_131,L4-eNeuron,2863.69,-830.55
cell_132,L4-eNeuron,2773.15,-822.66
cell_133,L4-eNeuron,2719.27,-926.19
cell_134,L4-eNeuron,3561.82,-1601.6
cell_135,L5-eNeuron,3523.37,-1354.5
cell_136,L4-eNeuron,3495.02,-1800.3
cell_137,astrocytes,3492.02,-1675.2
cell_138,L5-eNeuron,3423.84,-1597.6
cell_139,L4-eNeuron,3420.45,-911.59
cell_140,L4-eNeuron,3388.07,-1512.5
cell_141,L4-eNeuron,3289.95,-1083.2
cell_142,L4-eNeuron,3286.12,-1606.3
cell_143,L4-eNeuron,3229.47,-1456.6
cell_144,L4-eNeuron,3163.33,-1464.7
cell_145,L4-eNeuron,3140.89,-1080.9
cell_146,OPC,3155.23,-1255.1
cell_147,L4-eNeuron,3144.8,-1814.4
cell_148,L4-eNeuron,3126.12,-1320.5
cell_149,L4-eNeuron,3099.55,-376.66
cell_150,L4-eNeuron,3054.52,-301.91
cell_151,Lhx6-iNeuron,3054.32,-1376.3
cell_152,L4-eNeuron,3039.23,-1224.7
cell_153,L4-eNeuron,3011.5,-407.08
cell_154,L4-eNeuron,2997.63,-1439.6
cell_155,endothelial,2906.28,-1660.6
cell_156,mural,2897.63,-1213.6
cell_157,L4-eNeuron,2869.05,-1581.2
cell_158,L4-eNeuron,2865.05,-1496.8
cell_159,L4-eNeuron,2853.74,-375.37
cell_160,astrocytes,2856.53,-451.05
cell_161,L4-eNeuron,2847.87,-508.2
cell_162,L4-eNeuron,2836.59,-1402.5
cell_163,L4-eNeuron,2807.27,-1159.9
cell_164,L4-eNeuron,2746.73,-1495.1
cell_165,L4-eNeuron,2729.73,-366.94
cell_166,L4-eNeuron,2729.87,-1388.5
cell_167,L4-eNeuron,2722.57,-513.53
cell_168,endothelial,2710.83,-1039.8
cell_169,L4-eNeuron,2700.37,-289.92
cell_170,L4-eNeuron,2686.47,-1555.4
cell_171,astrocytes,2657.27,-397.93
cell_172,L4-eNeuron,2639.67,-1816.8
cell_173,L4-eNeuron,2637.67,-1311.8
cell_174,L4-eNeuron,2633.27,-1223.2
cell_175,L4-eNeuron,2621.07,-1954.9
cell_176,L4-eNeuron,2624.17,-1410.2
cell_177,Adarb2-iNeuron,2615.77,-1675.7
cell_178,endothelial,2607.77,-1002.1
cell_179,L4-eNeuron,2599.27,-1103.8
cell_180,L4-eNeuron,2590.07,-247.23
cell_181,L4-eNeuron,2583.17,-1534.7
cell_182,L4-eNeuron,2569.37,-493.17
cell_183,L4-eNeuron,2563.67,-176.2
cell_184,L4-eNeuron,2543.37,-1197.8
cell_185,L4-eNeuron,2528.47,-1370.7
cell_186,L4-eNeuron,2530.87,-324.83
cell_187,L4-eNeuron,2529.57,-1443.6
cell_188,L4-eNeuron,2503.17,-427.71
cell_189,L4-eNeuron,2501.77,-1535.1
cell_190,L4-eNeuron,2463.47,-900.27
cell_191,L4-eNeuron,2445.37,-224.88
cell_192,L4-eNeuron,2421.67,-1461.1
cell_193,astrocytes,2414.97,-1021.7
cell_194,L4-eNeuron,2408.07,-1117.7
cell_195,L2-L3-eNeuron,2413.27,-440.01
cell_196,L4-eNeuron,2407.37,-1737.6
cell_197,L4-eNeuron,2385.87,-945.65
cell_198,endothelial,2364.97,-368.95
cell_199,Adarb2-iNeuron,2376.57,-561.77
cell_200,L4-eNeuron,2323.37,-1802.9
cell_201,L4-eNeuron,2332.07,-1326.7
cell_202,astrocytes,2309.97,-1687.2
cell_203,L4-eNeuron,2296.57,-514.6
cell_204,Lhx6-iNeuron,2285.47,-1241.1
cell_205,L4-eNeuron,2279.77,-861.75
cell_206,endothelial,2251.07,-590.72
cell_207,L4-eNeuron,2252.07,-743.94
cell_208,L4-eNeuron,2247.57,-1463.2
cell_209,L4-eNeuron,2240.87,-1109
cell_210,L4-eNeuron,2226.67,-464.69
cell_211,L4-eNeuron,2203.27,-918.22
cell_212,L4-eNeuron,2197.37,-1748.9
cell_213,endothelial,2162.97,-1205.4
cell_214,L2-L3-eNeuron,2153.47,-743.17
cell_215,L2-L3-eNeuron,2126.17,-1087.2
cell_216,L4-eNeuron,2099.27,-856.63
cell_217,L4-eNeuron,2104.27,-531.71
cell_218,L4-eNeuron,2086.87,-1751.5
cell_219,L4-eNeuron,2082.07,-653.89
cell_220,Adarb2-iNeuron,2083.87,-1625.7
cell_221,endothelial,2067.77,-751.4
cell_222,L4-eNeuron,2052.37,-1164.1
cell_223,L4-eNeuron,2034.97,-1536.8
cell_224,L4-eNeuron,1986.67,-1020.7
cell_225,L4-eNeuron,1965.17,-918.24
cell_226,L4-eNeuron,1876.87,-1046.5
cell_227,endothelial,5195.67,-1033.1
cell_228,L5-eNeuron,5159.8,-794.27
cell_229,L5-eNeuron,5119.29,-892.49
cell_230,L5-eNeuron,4970.61,-1037.7
cell_231,L5-eNeuron,4997.85,-1174.9
cell_232,L5-eNeuron,4899.09,-864.35
cell_233,L6-eNeuron,4879.9,-1112.1
cell_234,L5-eNeuron,4851.6,-1240.8
cell_235,L5-eNeuron,4823.56,-1365.4
cell_236,L5-eNeuron,4804.11,-713.46
cell_237,L4-eNeuron,4721.72,-1351.7
cell_238,L6-eNeuron,4682.87,-874.24
cell_239,L6-eNeuron,4669.97,-1231.8
cell_240,mural,4637.17,-1699.3
cell_241,L4-eNeuron,4607.14,-1336
cell_242,L5-eNeuron,4547.35,-568.71
cell_243,L5-eNeuron,4537.9,-1744.9
cell_244,L5-eNeuron,4510.15,-1145.7
cell_245,astrocytes,4483.3,-1047.9
cell_246,Lhx6-iNeuron,4442.22,-493.04
cell_247,L6-eNeuron,4436.92,-999.3
cell_248,L6-eNeuron,4418.12,-1623.1
cell_249,L6-eNeuron,4406.42,-1437.8
cell_250,L5-eNeuron,4392.42,-752.18
cell_251,L5-eNeuron,4317.02,-490.18
cell_252,L5-eNeuron,4240.52,-1073.6
cell_253,endothelial,4243.82,-1585.5
cell_254,L4-eNeuron,4222.32,-761.15
cell_255,L6-eNeuron,4172.12,-529.72
cell_256,L5-eNeuron,4192.32,-872.18
cell_257,astrocytes,4158.92,-800.37
cell_258,L5-eNeuron,4094.92,-1122.9
cell_259,L5-eNeuron,4082.02,-1281.7
cell_260,L5-eNeuron,4032.92,-1487.7
cell_261,Lhx6-iNeuron,3993.32,-1168.7
cell_262,L5-eNeuron,3968.02,-1620.9
cell_263,L5-eNeuron,3946.22,-998.12
cell_264,endothelial,3877.72,-906.57
cell_265,Lhx6-iNeuron,3829.02,-1769.8
cell_266,endothelial,3810.52,-974.49
cell_267,Lhx6-iNeuron,3812.72,-1879.2
cell_268,Lhx6-iNeuron,3740.62,-1473.7
cell_269,Lhx6-iNeuron,3661.02,-873.9
cell_270,L5-eNeuron,3673.02,-1327.8
cell_271,Olig,5210.52,-1507.3
cell_272,L5-eNeuron,5074.16,-1522.7
cell_273,L6-eNeuron,5049.17,-1655.5
cell_274,L5-eNeuron,5024.13,-1415.4
cell_275,Lhx6-iNeuron,4952.79,-1309.2
cell_276,L6-eNeuron,4929.39,-1484.8
cell_277,L6-eNeuron,4888.54,-1668.2
cell_278,L5-eNeuron,4759.77,-1474.1
cell_279,Lhx6-iNeuron,4016.92,-876.46
cell_280,L5-eNeuron,3962.02,-1734.5
cell_281,L5-eNeuron,3828.12,-1652.8
cell_282,mural,3823.62,-1371.3
cell_283,astrocytes,5297.77,-707.72
cell_284,L5-eNeuron,5288.5,-520.95
cell_285,L5-eNeuron,5266.38,-623.17
cell_286,L5-eNeuron,5149.68,-1818.8
cell_287,L6-eNeuron,5134.28,-551.91
cell_288,astrocytes,5101.7,-633.05
cell_289,L6-eNeuron,5019.92,-1820.3
cell_290,endothelial,5016.97,-703.15
cell_291,L6-eNeuron,5003.98,-573.52
cell_292,L5-eNeuron,4872.74,-539.39
cell_293,L5-eNeuron,4802.82,-420.87
cell_294,Lhx6-iNeuron,4800.77,-325.13
cell_295,L4-eNeuron,4685.65,-1042.1
cell_296,L5-eNeuron,4653.69,-300.32
cell_297,endothelial,4630.36,-713.42
cell_298,astrocytes,4570.03,-756.36
cell_299,L5-eNeuron,4554.35,-414.39
cell_300,L5-eNeuron,4510.78,-257.98
cell_301,L5-eNeuron,4278.02,-1904.6
cell_302,OPC,4219.92,-1273.9
cell_303,Lhx6-iNeuron,4218.32,-1803.1
cell_304,L5-eNeuron,4212.72,-174.8
cell_305,L5-eNeuron,4131.72,-1936
cell_306,Olig,3967.12,-695.89
cell_307,L4-eNeuron,3950.32,-602.98
cell_308,L5-eNeuron,3957.12,-212.18
cell_309,L6-eNeuron,3943.12,-355.41
cell_310,Lhx6-iNeuron,3871.12,-496.92
cell_311,L5-eNeuron,3774.32,-644.44
cell_312,L6-eNeuron,3734.02,-374.85
cell_313,L5-eNeuron,3632.42,-546.78
cell_314,Lhx6-iNeuron,3623.42,-411.24
cell_315,endothelial,4253.22,-1202.5
cell_316,OPC,4170.42,-1411.1
cell_317,L6-eNeuron,6953.87,-734.12
cell_318,OPC,6939.31,-1601.5
cell_319,endothelial,6921.24,-1495.3
cell_320,L6-eNeuron,6840.72,-1033.3
cell_321,L6-eNeuron,6831.4,-723.27
cell_322,L6-eNeuron,6835.25,-863.07
cell_323,L6-eNeuron,6800.38,-1135.9
cell_324,L6-eNeuron,6774.13,-1297.7
cell_325,L6-eNeuron,6724.11,-701.05
cell_326,astrocytes,6709.27,-854.93
cell_327,L6-eNeuron,6716.01,-352.2
cell_328,mural,6687.35,-995.24
cell_329,L6-eNeuron,6675.56,-1091.3
cell_330,Adarb2-iNeuron,6668.01,-1468.1
cell_331,microglia,6600.69,-1285.5
cell_332,Olig,6588.96,-1700.8
cell_333,L6-eNeuron,6561.13,-653.28
cell_334,microglia,6521.45,-726.66
cell_335,L6-eNeuron,6534.37,-1234
cell_336,astrocytes,6525.94,-877.47
cell_337,L6-eNeuron,6479.36,-432.99
cell_338,L6-eNeuron,6486.6,-1599.6
cell_339,L6-eNeuron,6469.98,-1184
cell_340,astrocytes,6474.36,-1715.2
cell_341,Olig,6431.93,-966.9
cell_342,L6-eNeuron,6422.09,-856.05
cell_343,L5-eNeuron,6406.68,-716.81
cell_344,L6-eNeuron,6399.85,-1873.1
cell_345,microglia,6395.82,-366.31
cell_346,L6-eNeuron,6385.38,-1698
cell_347,astrocytes,6336.58,-1441.5
cell_348,L6-eNeuron,6360.15,-985.08
cell_349,L6-eNeuron,6359.06,-1559.7
cell_350,mural,6356.29,-482.59
cell_351,L6-eNeuron,6345.2,-859.35
cell_352,L6-eNeuron,6323.91,-1768.8
cell_353,L6-eNeuron,6315.73,-1052.8
cell_354,endothelial,6306.06,-469.33
cell_355,L6-eNeuron,6275.53,-1909.7
cell_356,L6-eNeuron,6257.98,-699.51
cell_357,L5-eNeuron,6241.22,-993.52
cell_358,astrocytes,6246.83,-475.36
cell_359,Adarb2-iNeuron,6233.12,-1725.6
cell_360,L6-eNeuron,6214.46,-775.74
cell_361,mural,6224.08,-914.75
cell_362,endothelial,6229.47,-1374.1
cell_363,L6-eNeuron,6198.16,-847.67
cell_364,L6-eNeuron,6211.56,-1124.1
cell_365,L6-eNeuron,6192.55,-499
cell_366,L6-eNeuron,6201.32,-336.15
cell_367,Olig,6179.26,-1539.6
cell_368,L2-L3-eNeuron,6116.47,-1473.9
cell_369,L5-eNeuron,6087.17,-904.01
cell_370,L6-eNeuron,6072.37,-520.84
cell_371,L6-eNeuron,6038.97,-413.05
cell_372,L6-eNeuron,6038.87,-1345.6
cell_373,Lhx6-iNeuron,6017.67,-1487.5
cell_374,L5-eNeuron,6005.87,-1010.8
cell_375,L6-eNeuron,5996.07,-271.68
cell_376,L6-eNeuron,5980.97,-475.72
cell_377,L6-eNeuron,5989.77,-1259.8
cell_378,L6-eNeuron,5971.07,-580.9
cell_379,L6-eNeuron,5950.47,-1083.2
cell_380,endothelial,5955.67,-1612.4
cell_381,L6-eNeuron,5963.77,-748.67
cell_382,Lhx6-iNeuron,5923.57,-1758.6
cell_383,L6-eNeuron,5918.57,-894.31
cell_384,L6-eNeuron,5909.47,-1354
cell_385,endothelial,5858.87,-1227.8
cell_386,L6-eNeuron,5850.27,-536.66
cell_387,L6-eNeuron,5804.97,-1534.4
cell_388,L6-eNeuron,5807.27,-784.88
cell_389,L6-eNeuron,5798.97,-432.49
cell_390,L6-eNeuron,5773.97,-1147.6
cell_391,L6-eNeuron,5739.27,-303.16
cell_392,L5-eNeuron,5693.07,-808.9
cell_393,L4-eNeuron,5669.27,-1609.4
cell_394,Lhx6-iNeuron,5664.17,-1101.1
cell_395,L5-eNeuron,5647.17,-972.21
cell_396,L2-L3-eNeuron,5623.87,-1185.6
cell_397,L5-eNeuron,5615.97,-1413.4
cell_398,L5-eNeuron,5614.07,-1297.3
cell_399,endothelial,5605.77,-762.65
cell_400,L6-eNeuron,5595.37,-430.62
cell_401,L5-eNeuron,5576.57,-1702.9
cell_402,L6-eNeuron,5568.87,-592.77
cell_403,L6-eNeuron,5567.07,-1867
cell_404,mural,5544.67,-1413.6
cell_405,L6-eNeuron,5525.57,-1781.4
cell_406,L6-eNeuron,5533.77,-1137.3
cell_407,L5-eNeuron,5502.67,-422.92
cell_408,endothelial,5495.17,-1050.7
cell_409,L6-eNeuron,5479.57,-1219.8
cell_410,Olig,5454.17,-843.53
cell_411,L2-L3-eNeuron,5444.27,-1895.4
cell_412,Lhx6-iNeuron,5396.57,-447.82
cell_413,L6-eNeuron,5395.87,-538.71
cell_414,L6-eNeuron,5386.37,-1185.9
cell_415,L5-eNeuron,5359.97,-972.19
cell_416,Lhx6-iNeuron,5360.37,-325.14
cell_417,L6-eNeuron,5388.07,-1581.5
cell_418,L5-eNeuron,5350.27,-1802.9
cell_419,L6-eNeuron,5294.27,-1108.7
cell_420,L6-eNeuron,6633.67,-1596.6
cell_421,L6-eNeuron,6480.8,-1298.9
cell_422,Lhx6-iNeuron,6408.49,-1352.2
cell_423,Olig,7552.12,429.62
cell_424,astrocytes,7530.35,184.72
cell_425,OPC,7502.43,609.95
cell_426,OPC,7488.42,262.72
cell_427,astrocytes,7461.32,-58.0799999999999
cell_428,OPC,7395.16,650.18
cell_429,Olig,7398.69,800.32
cell_430,endothelial,7390.71,-97.78
cell_431,Olig,7360.07,388.12
cell_432,OPC,7318.74,581.52
cell_433,endothelial,7295.59,6.81999999999994
cell_434,Olig,7248.82,72.52
cell_435,L5-eNeuron,7261.23,-231.48
cell_436,L6-eNeuron,7234.12,788.95
cell_437,L6-eNeuron,7211.56,-19.28
cell_438,endothelial,7209.17,-310.28
cell_439,L6-eNeuron,7160.63,295.62
cell_440,L6-eNeuron,7137.62,36.9200000000001
cell_441,L6-eNeuron,7124.44,843.65
cell_442,L6-eNeuron,7108.25,-24.5799999999999
cell_443,endothelial,7100.08,525.3
cell_444,L6-eNeuron,7015.45,458.09
cell_445,L6-eNeuron,7023.28,865.12
cell_446,L6-eNeuron,7003.05,238.12
cell_447,L5-eNeuron,6944.04,385.52
cell_448,OPC,6918.81,-38.78
cell_449,Olig,6895.21,412.42
cell_450,L6-eNeuron,6875.36,-256.58
cell_451,microglia,6870.82,681.8
cell_452,L6-eNeuron,6881.56,91.3199999999999
cell_453,Olig,6838.85,423.02
cell_454,L6-eNeuron,6825.93,223.82
cell_455,L6-eNeuron,6789.47,-72.98
cell_456,endothelial,6729.67,-266.48
cell_457,L6-eNeuron,6732.57,923.04
cell_458,L6-eNeuron,6716.77,297.22
cell_459,astrocytes,6690.27,1077.03
cell_460,astrocytes,6669.17,-19.48
cell_461,mural,6665.47,714.33
cell_462,endothelial,6624.57,889.06
cell_463,L6-eNeuron,6615.87,1036.35
cell_464,L6-eNeuron,6621.07,-312.98
cell_465,L6-eNeuron,6615.17,788.88
cell_466,L6-eNeuron,6571.67,847.55
cell_467,L5-eNeuron,6541.77,48.72
cell_468,L6-eNeuron,6536.77,733.59
cell_469,OPC,6528.47,787.31
cell_470,L6-eNeuron,6520.87,1004.28
cell_471,L6-eNeuron,6467.07,1080.17
cell_472,L6-eNeuron,6467.47,-88.78
cell_473,microglia,6453.07,689.88
cell_474,L6-eNeuron,6408.47,826.31
cell_475,L6-eNeuron,6368.87,-221.88
cell_476,L6-eNeuron,6358.77,379.52
cell_477,L6-eNeuron,6360.87,-35.3800000000001
cell_478,L6-eNeuron,6338.87,85.6199999999999
cell_479,L5-eNeuron,6329.07,225.72
cell_480,L5-eNeuron,6312.77,871.45
cell_481,Adarb2-iNeuron,6297.37,979.4
cell_482,microglia,6205.07,-130.38
cell_483,L6-eNeuron,6202.27,360.72
cell_484,mural,6139.57,-28.98
cell_485,Lhx6-iNeuron,6130.87,240.42
cell_486,OPC,7421.66,563.61
cell_487,astrocytes,7384.47,500.31
cell_488,Olig,7342.48,921.66
cell_489,L6-eNeuron,7253.27,936.48
cell_490,Olig,7253.4,263.72
cell_491,astrocytes,7237.37,200.32
cell_492,L6-eNeuron,7224.04,382.12
cell_493,L6-eNeuron,7206.83,631.2
cell_494,L5-eNeuron,7125.99,167.42
cell_495,L6-eNeuron,6992.58,103.02
cell_496,Adarb2-iNeuron,6704.27,-124.68
cell_497,L6-eNeuron,6666.77,378.82
cell_498,L6-eNeuron,6589.07,505.09
cell_499,L6-eNeuron,6560.97,-105.98
cell_500,L5-eNeuron,6521.87,357.02
cell_501,L6-eNeuron,6515.97,590.03
cell_502,L6-eNeuron,6482.57,798.99
cell_503,L6-eNeuron,6399.67,-153.58
cell_504,L6-eNeuron,6395.27,-311.48
cell_505,astrocytes,6290.07,-200.78
cell_506,L5-eNeuron,6285.57,547.12
cell_507,OPC,6252.67,678.91
cell_508,L6-eNeuron,6241.27,787.18
cell_509,Lhx6-iNeuron,6256.27,-289.88
cell_510,Olig,6207.27,565.81
cell_511,L6-eNeuron,6139.17,670.56
cell_512,astrocytes,7406.31,1036.95
cell_513,L6-eNeuron,6847.45,1179.46
cell_514,L6-eNeuron,6662.67,1207.87
cell_515,L6-eNeuron,6645.07,-519.38
cell_516,L5-eNeuron,6367.17,1240.76
cell_517,L5-eNeuron,6132.47,1002.12
cell_518,L6-eNeuron,6036.27,966.46
cell_519,L6-eNeuron,6028.17,798.77
cell_520,L6-eNeuron,5980.97,308.12
cell_521,L6-eNeuron,5931.57,1141.04
cell_522,L6-eNeuron,5921.07,981.4
cell_523,L6-eNeuron,5899.27,382.42
