ADAM15__Adarb2-iNeuron|ITGB1__mural
ADAM15__L2-L3-eNeuron|ITGB1__mural
ADAM15__microglia|ITGB1__mural
AGRN__L4-eNeuron|DAG1__OPC
AGRN__L4-eNeuron|DAG1__astrocytes
AGRN__L4-eNeuron|DAG1__endothelial
AGRN__L4-eNeuron|DAG1__mural
AGRN__L4-eNeuron|LRP4__OPC
AGRN__L4-eNeuron|LRP4__Olig
AGRN__L4-eNeuron|LRP4__astrocytes
AGRN__L4-eNeuron|LRP4__endothelial
AGRN__L5-eNeuron|DAG1__OPC
AGRN__L5-eNeuron|DAG1__astrocytes
AGRN__L5-eNeuron|DAG1__endothelial
AGRN__L5-eNeuron|DAG1__mural
AGRN__L5-eNeuron|LRP4__OPC
AGRN__L5-eNeuron|LRP4__Olig
AGRN__L5-eNeuron|LRP4__astrocytes
AGRN__L5-eNeuron|LRP4__endothelial
AGRN__Olig|DAG1__OPC
AGRN__Olig|DAG1__astrocytes
AGRN__Olig|DAG1__endothelial
AGRN__Olig|DAG1__mural
AGRN__Olig|LRP4__OPC
AGRN__Olig|LRP4__astrocytes
AGRN__Olig|LRP4__endothelial
AGRN__astrocytes|DAG1__OPC
AGRN__astrocytes|DAG1__endothelial
AGRN__astrocytes|DAG1__mural
AGRN__astrocytes|LRP4__OPC
AGRN__astrocytes|LRP4__Olig
AGRN__astrocytes|LRP4__endothelial
AGRN__endothelial|DAG1__OPC
AGRN__endothelial|DAG1__astrocytes
AGRN__endothelial|DAG1__mural
AGRN__endothelial|LRP4__OPC
AGRN__endothelial|LRP4__Olig
AGRN__endothelial|LRP4__astrocytes
AGRN__mural|DAG1__OPC
AGRN__mural|DAG1__astrocytes
AGRN__mural|DAG1__endothelial
AGRN__mural|LRP4__OPC
AGRN__mural|LRP4__Olig
AGRN__mural|LRP4__astrocytes
AGRN__mural|LRP4__endothelial
BGN__mural|FGFR3__astrocytes
CADM3__Adarb2-iNeuron|CADM3__L2-L3-eNeuron
CADM3__Adarb2-iNeuron|CADM3__Lhx6-iNeuron
CADM3__Adarb2-iNeuron|CADM3__OPC
CADM3__L2-L3-eNeuron|CADM3__Adarb2-iNeuron
CADM3__L2-L3-eNeuron|CADM3__Lhx6-iNeuron
CADM3__L2-L3-eNeuron|CADM3__OPC
CADM3__L4-eNeuron|CADM3__Adarb2-iNeuron
CADM3__L4-eNeuron|CADM3__L2-L3-eNeuron
CADM3__L4-eNeuron|CADM3__Lhx6-iNeuron
CADM3__L4-eNeuron|CADM3__OPC
CADM3__L5-eNeuron|CADM3__Adarb2-iNeuron
CADM3__L5-eNeuron|CADM3__L2-L3-eNeuron
CADM3__L5-eNeuron|CADM3__Lhx6-iNeuron
CADM3__L5-eNeuron|CADM3__OPC
CADM3__L6-eNeuron|CADM3__Adarb2-iNeuron
CADM3__L6-eNeuron|CADM3__Lhx6-iNeuron
CADM3__L6-eNeuron|CADM3__OPC
CADM3__Lhx6-iNeuron|CADM3__Adarb2-iNeuron
CADM3__Lhx6-iNeuron|CADM3__L2-L3-eNeuron
CADM3__Lhx6-iNeuron|CADM3__OPC
CADM3__OPC|CADM3__Adarb2-iNeuron
CADM3__OPC|CADM3__L2-L3-eNeuron
CADM3__OPC|CADM3__Lhx6-iNeuron
CD14__microglia|ITGB1__mural
COL4A2__Olig|ITGA1__mural
COL4A2__Olig|ITGB1__mural
COL4A2__Olig|SDC4__OPC
COL4A2__Olig|SDC4__astrocytes
COL4A2__Olig|SDC4__endothelial
COL4A2__Olig|SDC4__mural
COL4A2__endothelial|ITGA1__mural
COL4A2__endothelial|ITGB1__mural
COL4A2__endothelial|SDC4__OPC
COL4A2__endothelial|SDC4__astrocytes
COL4A2__endothelial|SDC4__mural
COL4A2__mural|SDC4__OPC
COL4A2__mural|SDC4__astrocytes
COL4A2__mural|SDC4__endothelial
COL5A3__Olig|SDC3__L2-L3-eNeuron
COL5A3__Olig|SDC3__OPC
COL5A3__Olig|SDC3__endothelial
COL5A3__Olig|SDC3__mural
CSPG4__OPC|ITGB1__mural
DLK2__Olig|NOTCH1__astrocytes
DLK2__Olig|NOTCH1__endothelial
DLK2__Olig|NOTCH1__mural
DLL4__endothelial|NOTCH1__astrocytes
DLL4__endothelial|NOTCH1__mural
DLL4__endothelial|NOTCH3__mural
EFNB3__Olig|EPHB4__endothelial
EFNB3__Olig|EPHB6__L2-L3-eNeuron
EFNB3__Olig|EPHB6__L4-eNeuron
EFNB3__Olig|EPHB6__L6-eNeuron
EFNB3__Olig|EPHB6__Lhx6-iNeuron
EFNB3__Olig|EPHB6__mural
ESAM__endothelial|ESAM__mural
ESAM__mural|ESAM__endothelial
FN1__astrocytes|ITGB1__mural
FN1__astrocytes|SDC4__OPC
FN1__astrocytes|SDC4__endothelial
FN1__astrocytes|SDC4__mural
FN1__endothelial|ITGB1__mural
FN1__endothelial|SDC4__OPC
FN1__endothelial|SDC4__astrocytes
FN1__endothelial|SDC4__mural
FN1__mural|SDC4__OPC
FN1__mural|SDC4__astrocytes
FN1__mural|SDC4__endothelial
FNDC5__Lhx6-iNeuron|ITGB5__astrocytes
FNDC5__Lhx6-iNeuron|ITGB5__endothelial
FNDC5__Lhx6-iNeuron|ITGB5__mural
GAS6__Adarb2-iNeuron|AXL__mural
GAS6__L2-L3-eNeuron|AXL__mural
GAS6__L4-eNeuron|AXL__mural
GAS6__L5-eNeuron|AXL__mural
GAS6__L6-eNeuron|AXL__mural
GAS6__Lhx6-iNeuron|AXL__mural
GAS6__astrocytes|AXL__mural
GAS6__endothelial|AXL__mural
GAS6__microglia|AXL__mural
GDF10__astrocytes|ACVR1B__L4-eNeuron
GRN__Adarb2-iNeuron|TNFRSF1B__microglia
GRN__L2-L3-eNeuron|TNFRSF1B__microglia
GRN__L5-eNeuron|TNFRSF1B__microglia
GRN__L6-eNeuron|TNFRSF1B__microglia
GRN__Lhx6-iNeuron|TNFRSF1B__microglia
GRN__OPC|TNFRSF1B__microglia
GRN__Olig|TNFRSF1B__microglia
GRN__astrocytes|TNFRSF1B__microglia
GRN__endothelial|TNFRSF1B__microglia
GRN__mural|TNFRSF1B__microglia
HSPG2__endothelial|DAG1__OPC
HSPG2__endothelial|DAG1__astrocytes
HSPG2__endothelial|DAG1__mural
HSPG2__endothelial|ITGB1__mural
LAMB2__astrocytes|DAG1__OPC
LAMB2__astrocytes|DAG1__endothelial
LAMB2__astrocytes|DAG1__mural
LAMB2__astrocytes|ITGA1__mural
LAMB2__astrocytes|ITGB1__mural
LAMB2__astrocytes|SV2A__Adarb2-iNeuron
LAMB2__astrocytes|SV2A__L2-L3-eNeuron
LAMB2__astrocytes|SV2A__L4-eNeuron
LAMB2__astrocytes|SV2A__L6-eNeuron
LAMB2__astrocytes|SV2A__Lhx6-iNeuron
LAMB2__astrocytes|SV2A__OPC
LAMB2__astrocytes|SV2A__Olig
LAMB2__endothelial|DAG1__OPC
LAMB2__endothelial|DAG1__astrocytes
LAMB2__endothelial|DAG1__mural
LAMB2__endothelial|ITGA1__mural
LAMB2__endothelial|ITGB1__mural
LAMB2__endothelial|SV2A__Adarb2-iNeuron
LAMB2__endothelial|SV2A__L2-L3-eNeuron
LAMB2__endothelial|SV2A__L4-eNeuron
LAMB2__endothelial|SV2A__L6-eNeuron
LAMB2__endothelial|SV2A__Lhx6-iNeuron
LAMB2__endothelial|SV2A__OPC
LAMB2__endothelial|SV2A__Olig
LAMB2__endothelial|SV2A__astrocytes
LAMB2__mural|DAG1__OPC
LAMB2__mural|DAG1__astrocytes
LAMB2__mural|DAG1__endothelial
LAMB2__mural|SV2A__Adarb2-iNeuron
LAMB2__mural|SV2A__L2-L3-eNeuron
LAMB2__mural|SV2A__L4-eNeuron
LAMB2__mural|SV2A__L6-eNeuron
LAMB2__mural|SV2A__Lhx6-iNeuron
LAMB2__mural|SV2A__OPC
LAMB2__mural|SV2A__Olig
LAMB2__mural|SV2A__astrocytes
LAMC1__OPC|DAG1__astrocytes
LAMC1__OPC|DAG1__endothelial
LAMC1__OPC|DAG1__mural
LAMC1__OPC|ITGA1__mural
LAMC1__OPC|ITGB1__mural
LAMC1__OPC|SV2A__Adarb2-iNeuron
LAMC1__OPC|SV2A__L2-L3-eNeuron
LAMC1__OPC|SV2A__L4-eNeuron
LAMC1__OPC|SV2A__L6-eNeuron
LAMC1__OPC|SV2A__Lhx6-iNeuron
LAMC1__OPC|SV2A__Olig
LAMC1__OPC|SV2A__astrocytes
LAMC1__astrocytes|DAG1__OPC
LAMC1__astrocytes|DAG1__endothelial
LAMC1__astrocytes|DAG1__mural
LAMC1__astrocytes|ITGA1__mural
LAMC1__astrocytes|ITGB1__mural
LAMC1__astrocytes|SV2A__Adarb2-iNeuron
LAMC1__astrocytes|SV2A__L2-L3-eNeuron
LAMC1__astrocytes|SV2A__L4-eNeuron
LAMC1__astrocytes|SV2A__L6-eNeuron
LAMC1__astrocytes|SV2A__Lhx6-iNeuron
LAMC1__astrocytes|SV2A__OPC
LAMC1__astrocytes|SV2A__Olig
LAMC1__endothelial|DAG1__OPC
LAMC1__endothelial|DAG1__astrocytes
LAMC1__endothelial|DAG1__mural
LAMC1__endothelial|ITGA1__mural
LAMC1__endothelial|ITGB1__mural
LAMC1__endothelial|SV2A__Adarb2-iNeuron
LAMC1__endothelial|SV2A__L2-L3-eNeuron
LAMC1__endothelial|SV2A__L4-eNeuron
LAMC1__endothelial|SV2A__L6-eNeuron
LAMC1__endothelial|SV2A__Lhx6-iNeuron
LAMC1__endothelial|SV2A__OPC
LAMC1__endothelial|SV2A__Olig
LAMC1__endothelial|SV2A__astrocytes
LAMC1__mural|DAG1__OPC
LAMC1__mural|DAG1__astrocytes
LAMC1__mural|DAG1__endothelial
LAMC1__mural|SV2A__Adarb2-iNeuron
LAMC1__mural|SV2A__L2-L3-eNeuron
LAMC1__mural|SV2A__L4-eNeuron
LAMC1__mural|SV2A__L6-eNeuron
LAMC1__mural|SV2A__Lhx6-iNeuron
LAMC1__mural|SV2A__OPC
LAMC1__mural|SV2A__Olig
LAMC1__mural|SV2A__astrocytes
LGI2__Lhx6-iNeuron|ADAM11__Adarb2-iNeuron
LGI2__Lhx6-iNeuron|ADAM11__L2-L3-eNeuron
LGI2__Lhx6-iNeuron|ADAM11__L4-eNeuron
LGI2__Lhx6-iNeuron|ADAM11__L6-eNeuron
LGI3__Olig|FLOT1__Adarb2-iNeuron
LGI3__Olig|FLOT1__L4-eNeuron
LGI3__Olig|FLOT1__L6-eNeuron
LGI3__Olig|FLOT1__OPC
LGI3__Olig|FLOT1__astrocytes
LGI3__Olig|STX1A__L6-eNeuron
LGI4__astrocytes|ADAM11__Adarb2-iNeuron
LGI4__astrocytes|ADAM11__L2-L3-eNeuron
LGI4__astrocytes|ADAM11__L4-eNeuron
LGI4__astrocytes|ADAM11__L6-eNeuron
MFNG__microglia|NOTCH1__astrocytes
MFNG__microglia|NOTCH1__endothelial
MFNG__microglia|NOTCH1__mural
MFNG__mural|NOTCH1__astrocytes
MFNG__mural|NOTCH1__endothelial
NFASC__OPC|CNTNAP1__Adarb2-iNeuron
NFASC__OPC|CNTNAP1__L2-L3-eNeuron
NFASC__OPC|CNTNAP1__L4-eNeuron
NFASC__OPC|CNTNAP1__L6-eNeuron
NFASC__OPC|CNTNAP1__Lhx6-iNeuron
NFASC__Olig|CNTNAP1__Adarb2-iNeuron
NFASC__Olig|CNTNAP1__L2-L3-eNeuron
NFASC__Olig|CNTNAP1__L4-eNeuron
NFASC__Olig|CNTNAP1__L6-eNeuron
NFASC__Olig|CNTNAP1__Lhx6-iNeuron
NID1__endothelial|ITGB1__mural
OMG__Olig|LINGO1__L2-L3-eNeuron
OMG__Olig|LINGO1__L4-eNeuron
OMG__Olig|LINGO1__L6-eNeuron
OMG__Olig|LINGO1__OPC
OMG__Olig|LINGO1__astrocytes
OMG__Olig|RTN4R__L2-L3-eNeuron
OMG__Olig|RTN4R__L4-eNeuron
OMG__Olig|TNFRSF1B__microglia
OMG__microglia|LINGO1__L2-L3-eNeuron
OMG__microglia|LINGO1__L4-eNeuron
OMG__microglia|LINGO1__L6-eNeuron
OMG__microglia|LINGO1__OPC
OMG__microglia|LINGO1__astrocytes
OMG__microglia|RTN4R__L2-L3-eNeuron
OMG__microglia|RTN4R__L4-eNeuron
PDGFB__endothelial|LRP1__L2-L3-eNeuron
PDGFB__endothelial|LRP1__L4-eNeuron
PDGFB__endothelial|LRP1__L6-eNeuron
PDGFB__endothelial|LRP1__astrocytes
PDGFB__endothelial|LRP1__mural
PDGFB__endothelial|PDGFRB__mural
PDGFB__endothelial|S1PR1__astrocytes
PDGFB__endothelial|S1PR1__mural
PDGFB__microglia|LRP1__L2-L3-eNeuron
PDGFB__microglia|LRP1__L4-eNeuron
PDGFB__microglia|LRP1__L6-eNeuron
PDGFB__microglia|LRP1__astrocytes
PDGFB__microglia|LRP1__mural
PDGFB__microglia|PDGFRB__mural
PDGFB__microglia|S1PR1__astrocytes
PDGFB__microglia|S1PR1__endothelial
PDGFB__microglia|S1PR1__mural
SELPLG__microglia|ESAM__endothelial
SELPLG__microglia|ESAM__mural
SEMA4D__Adarb2-iNeuron|PLXNB3__OPC
SEMA4D__Adarb2-iNeuron|PLXNB3__Olig
SEMA5A__L6-eNeuron|PLXNB3__OPC
SEMA5A__L6-eNeuron|PLXNB3__Olig
SEMA5A__OPC|PLXNB3__Olig
SEMA5A__Olig|PLXNB3__OPC
SEMA6B__Adarb2-iNeuron|PLXNA4__L4-eNeuron
SEMA6B__L5-eNeuron|PLXNA4__L4-eNeuron
SEMA6B__L6-eNeuron|PLXNA4__L4-eNeuron
SEMA6B__Lhx6-iNeuron|PLXNA4__L4-eNeuron
SEMA6B__OPC|PLXNA4__L4-eNeuron
SEMA7A__L2-L3-eNeuron|ITGA1__mural
SEMA7A__L2-L3-eNeuron|ITGB1__mural
SEMA7A__L4-eNeuron|ITGA1__mural
SEMA7A__L4-eNeuron|ITGB1__mural
SEMA7A__L5-eNeuron|ITGA1__mural
SEMA7A__L5-eNeuron|ITGB1__mural
SEMA7A__L6-eNeuron|ITGA1__mural
SEMA7A__L6-eNeuron|ITGB1__mural
SEMA7A__Olig|ITGA1__mural
SEMA7A__Olig|ITGB1__mural
SEMA7A__endothelial|ITGA1__mural
SEMA7A__endothelial|ITGB1__mural
TGFA__Olig|EGFR__Adarb2-iNeuron
TGFA__Olig|EGFR__astrocytes
TGFA__Olig|ERBB4__Adarb2-iNeuron
TGFA__Olig|ERBB4__Lhx6-iNeuron
TGFB1__microglia|ACVR1B__L4-eNeuron
TGFB1__microglia|CAV1__OPC
TGFB1__microglia|ENG__endothelial
TGFB1__microglia|ENG__mural
TGFB1__mural|ACVR1B__L4-eNeuron
TGFB1__mural|CAV1__OPC
TGFB1__mural|ENG__endothelial
TGFB1__mural|TGFBR2__microglia
TNR__OPC|ITGB1__mural
TNR__OPC|SDC4__astrocytes
TNR__OPC|SDC4__endothelial
TNR__OPC|SDC4__mural
TNXB__mural|SDC4__OPC
TNXB__mural|SDC4__astrocytes
TNXB__mural|SDC4__endothelial
VCAN__OPC|EGFR__Adarb2-iNeuron
VCAN__OPC|EGFR__astrocytes
VCAN__OPC|ITGB1__mural
VEGFA__astrocytes|EGFR__Adarb2-iNeuron
VEGFA__astrocytes|FLT1__endothelial
VEGFA__astrocytes|FLT1__mural
VEGFA__astrocytes|ITGB1__mural
VTN__mural|ITGB5__astrocytes
VTN__mural|ITGB5__endothelial
WNT6__Olig|LRP5__astrocytes
CADM3__L6-eNeuron|CADM3__L2-L3-eNeuron
BAG6__L2-L3-eNeuron|ADCY1__L5-eNeuron
BAG6__L2-L3-eNeuron|ADCY1__L6-eNeuron
BAG6__L2-L3-eNeuron|ADORA1__L5-eNeuron
BAG6__L2-L3-eNeuron|CADM3__L5-eNeuron
BAG6__L2-L3-eNeuron|CAP1__L5-eNeuron
BAG6__L2-L3-eNeuron|CNTNAP1__L5-eNeuron
BAG6__L2-L3-eNeuron|CNTNAP1__L6-eNeuron
BAG6__L2-L3-eNeuron|EPHB6__L5-eNeuron
BAG6__L2-L3-eNeuron|EPHB6__L6-eNeuron
BAG6__L2-L3-eNeuron|FLOT1__L5-eNeuron
BAG6__L2-L3-eNeuron|GABBR2__L5-eNeuron
BAG6__L2-L3-eNeuron|GABBR2__L6-eNeuron
BAG6__L2-L3-eNeuron|GLG1__L5-eNeuron
BAG6__L2-L3-eNeuron|HRH3__L5-eNeuron
BAG6__L2-L3-eNeuron|KCNJ4__L4-eNeuron
BAG6__L2-L3-eNeuron|KCNJ4__L5-eNeuron
BAG6__L2-L3-eNeuron|LINGO1__L4-eNeuron
BAG6__L2-L3-eNeuron|LINGO1__L5-eNeuron
BAG6__L2-L3-eNeuron|LINGO1__L6-eNeuron
BAG6__L2-L3-eNeuron|NLGN2__L5-eNeuron
BAG6__L2-L3-eNeuron|RTN4R__L4-eNeuron
BAG6__L2-L3-eNeuron|RTN4R__L5-eNeuron
BAG6__L2-L3-eNeuron|SLC17A7__L4-eNeuron
BAG6__L2-L3-eNeuron|SLC17A7__L5-eNeuron
BAG6__L2-L3-eNeuron|SLC17A7__L6-eNeuron
BAG6__L2-L3-eNeuron|STX1A__L5-eNeuron
BAG6__L2-L3-eNeuron|STX1A__L6-eNeuron
BAG6__L2-L3-eNeuron|SV2A__L5-eNeuron
BAG6__L2-L3-eNeuron|SV2A__L6-eNeuron
CADM3__L2-L3-eNeuron|ADCY1__L5-eNeuron
CADM3__L2-L3-eNeuron|ADCY1__L6-eNeuron
CADM3__L2-L3-eNeuron|ADORA1__L5-eNeuron
CADM3__L2-L3-eNeuron|CADM3__L5-eNeuron
CADM3__L2-L3-eNeuron|CAP1__L5-eNeuron
CADM3__L2-L3-eNeuron|CNTNAP1__L5-eNeuron
CADM3__L2-L3-eNeuron|CNTNAP1__L6-eNeuron
CADM3__L2-L3-eNeuron|EPHB6__L5-eNeuron
CADM3__L2-L3-eNeuron|EPHB6__L6-eNeuron
CADM3__L2-L3-eNeuron|FLOT1__L5-eNeuron
CADM3__L2-L3-eNeuron|GABBR2__L5-eNeuron
CADM3__L2-L3-eNeuron|GABBR2__L6-eNeuron
CADM3__L2-L3-eNeuron|GLG1__L5-eNeuron
CADM3__L2-L3-eNeuron|HRH3__L5-eNeuron
CADM3__L2-L3-eNeuron|KCNJ4__L4-eNeuron
CADM3__L2-L3-eNeuron|KCNJ4__L5-eNeuron
CADM3__L2-L3-eNeuron|LINGO1__L4-eNeuron
CADM3__L2-L3-eNeuron|LINGO1__L5-eNeuron
CADM3__L2-L3-eNeuron|LINGO1__L6-eNeuron
CADM3__L2-L3-eNeuron|NLGN2__L5-eNeuron
CADM3__L2-L3-eNeuron|RTN4R__L4-eNeuron
CADM3__L2-L3-eNeuron|RTN4R__L5-eNeuron
CADM3__L2-L3-eNeuron|SLC17A7__L4-eNeuron
CADM3__L2-L3-eNeuron|SLC17A7__L5-eNeuron
CADM3__L2-L3-eNeuron|SLC17A7__L6-eNeuron
CADM3__L2-L3-eNeuron|STX1A__L5-eNeuron
CADM3__L2-L3-eNeuron|STX1A__L6-eNeuron
CADM3__L2-L3-eNeuron|SV2A__L5-eNeuron
CADM3__L2-L3-eNeuron|SV2A__L6-eNeuron
CADM3__L6-eNeuron|ADCY1__L2-L3-eNeuron
CADM3__L6-eNeuron|ADCY1__L5-eNeuron
CADM3__L6-eNeuron|ADORA1__L5-eNeuron
CADM3__L6-eNeuron|CADM3__L5-eNeuron
CADM3__L6-eNeuron|CAP1__L5-eNeuron
CADM3__L6-eNeuron|CNTNAP1__L5-eNeuron
CADM3__L6-eNeuron|EPHB6__L5-eNeuron
CADM3__L6-eNeuron|FLOT1__L5-eNeuron
CADM3__L6-eNeuron|GABBR2__L5-eNeuron
CADM3__L6-eNeuron|GLG1__L5-eNeuron
CADM3__L6-eNeuron|HRH3__L5-eNeuron
CADM3__L6-eNeuron|KCNJ4__L2-L3-eNeuron
CADM3__L6-eNeuron|KCNJ4__L4-eNeuron
CADM3__L6-eNeuron|KCNJ4__L5-eNeuron
CADM3__L6-eNeuron|LINGO1__L2-L3-eNeuron
CADM3__L6-eNeuron|LINGO1__L4-eNeuron
CADM3__L6-eNeuron|LINGO1__L5-eNeuron
CADM3__L6-eNeuron|NLGN2__L5-eNeuron
CADM3__L6-eNeuron|RTN4R__L4-eNeuron
CADM3__L6-eNeuron|RTN4R__L5-eNeuron
CADM3__L6-eNeuron|SLC17A7__L2-L3-eNeuron
CADM3__L6-eNeuron|SLC17A7__L4-eNeuron
CADM3__L6-eNeuron|SLC17A7__L5-eNeuron
CADM3__L6-eNeuron|STX1A__L2-L3-eNeuron
CADM3__L6-eNeuron|STX1A__L5-eNeuron
CADM3__L6-eNeuron|SV2A__L5-eNeuron
GAS6__L5-eNeuron|ADCY1__L2-L3-eNeuron
GAS6__L5-eNeuron|ADCY1__L6-eNeuron
GAS6__L5-eNeuron|CADM3__L2-L3-eNeuron
GAS6__L5-eNeuron|CNTNAP1__L6-eNeuron
GAS6__L5-eNeuron|EPHB6__L6-eNeuron
GAS6__L5-eNeuron|GABBR2__L6-eNeuron
GAS6__L5-eNeuron|KCNJ4__L2-L3-eNeuron
GAS6__L5-eNeuron|KCNJ4__L4-eNeuron
GAS6__L5-eNeuron|LINGO1__L2-L3-eNeuron
GAS6__L5-eNeuron|LINGO1__L4-eNeuron
GAS6__L5-eNeuron|LINGO1__L6-eNeuron
GAS6__L5-eNeuron|RTN4R__L4-eNeuron
GAS6__L5-eNeuron|SLC17A7__L2-L3-eNeuron
GAS6__L5-eNeuron|SLC17A7__L4-eNeuron
GAS6__L5-eNeuron|SLC17A7__L6-eNeuron
GAS6__L5-eNeuron|STX1A__L2-L3-eNeuron
GAS6__L5-eNeuron|STX1A__L6-eNeuron
GAS6__L5-eNeuron|SV2A__L6-eNeuron
GLG1__L6-eNeuron|ADCY1__L2-L3-eNeuron
GLG1__L6-eNeuron|ADCY1__L5-eNeuron
GLG1__L6-eNeuron|ADORA1__L5-eNeuron
GLG1__L6-eNeuron|CADM3__L2-L3-eNeuron
GLG1__L6-eNeuron|CADM3__L5-eNeuron
GLG1__L6-eNeuron|CAP1__L5-eNeuron
GLG1__L6-eNeuron|CNTNAP1__L5-eNeuron
GLG1__L6-eNeuron|EPHB6__L5-eNeuron
GLG1__L6-eNeuron|FLOT1__L5-eNeuron
GLG1__L6-eNeuron|GABBR2__L5-eNeuron
GLG1__L6-eNeuron|GLG1__L5-eNeuron
GLG1__L6-eNeuron|HRH3__L5-eNeuron
GLG1__L6-eNeuron|KCNJ4__L2-L3-eNeuron
GLG1__L6-eNeuron|KCNJ4__L4-eNeuron
GLG1__L6-eNeuron|KCNJ4__L5-eNeuron
GLG1__L6-eNeuron|LINGO1__L2-L3-eNeuron
GLG1__L6-eNeuron|LINGO1__L4-eNeuron
GLG1__L6-eNeuron|LINGO1__L5-eNeuron
GLG1__L6-eNeuron|NLGN2__L5-eNeuron
GLG1__L6-eNeuron|RTN4R__L4-eNeuron
GLG1__L6-eNeuron|RTN4R__L5-eNeuron
GLG1__L6-eNeuron|SLC17A7__L2-L3-eNeuron
GLG1__L6-eNeuron|SLC17A7__L4-eNeuron
GLG1__L6-eNeuron|SLC17A7__L5-eNeuron
GLG1__L6-eNeuron|STX1A__L2-L3-eNeuron
GLG1__L6-eNeuron|STX1A__L5-eNeuron
GLG1__L6-eNeuron|SV2A__L5-eNeuron
ICAM5__L2-L3-eNeuron|ADCY1__L5-eNeuron
ICAM5__L2-L3-eNeuron|ADCY1__L6-eNeuron
ICAM5__L2-L3-eNeuron|ADORA1__L5-eNeuron
ICAM5__L2-L3-eNeuron|CADM3__L5-eNeuron
ICAM5__L2-L3-eNeuron|CAP1__L5-eNeuron
ICAM5__L2-L3-eNeuron|CNTNAP1__L5-eNeuron
ICAM5__L2-L3-eNeuron|CNTNAP1__L6-eNeuron
ICAM5__L2-L3-eNeuron|EPHB6__L5-eNeuron
ICAM5__L2-L3-eNeuron|EPHB6__L6-eNeuron
ICAM5__L2-L3-eNeuron|FLOT1__L5-eNeuron
ICAM5__L2-L3-eNeuron|GABBR2__L5-eNeuron
ICAM5__L2-L3-eNeuron|GABBR2__L6-eNeuron
ICAM5__L2-L3-eNeuron|GLG1__L5-eNeuron
ICAM5__L2-L3-eNeuron|HRH3__L5-eNeuron
ICAM5__L2-L3-eNeuron|KCNJ4__L4-eNeuron
ICAM5__L2-L3-eNeuron|KCNJ4__L5-eNeuron
ICAM5__L2-L3-eNeuron|LINGO1__L4-eNeuron
ICAM5__L2-L3-eNeuron|LINGO1__L5-eNeuron
ICAM5__L2-L3-eNeuron|LINGO1__L6-eNeuron
ICAM5__L2-L3-eNeuron|NLGN2__L5-eNeuron
ICAM5__L2-L3-eNeuron|RTN4R__L4-eNeuron
ICAM5__L2-L3-eNeuron|RTN4R__L5-eNeuron
ICAM5__L2-L3-eNeuron|SLC17A7__L4-eNeuron
ICAM5__L2-L3-eNeuron|SLC17A7__L5-eNeuron
ICAM5__L2-L3-eNeuron|SLC17A7__L6-eNeuron
ICAM5__L2-L3-eNeuron|STX1A__L5-eNeuron
ICAM5__L2-L3-eNeuron|STX1A__L6-eNeuron
ICAM5__L2-L3-eNeuron|SV2A__L5-eNeuron
ICAM5__L2-L3-eNeuron|SV2A__L6-eNeuron
ICAM5__L6-eNeuron|ADCY1__L2-L3-eNeuron
ICAM5__L6-eNeuron|ADCY1__L5-eNeuron
ICAM5__L6-eNeuron|ADORA1__L5-eNeuron
ICAM5__L6-eNeuron|CADM3__L2-L3-eNeuron
ICAM5__L6-eNeuron|CADM3__L5-eNeuron
ICAM5__L6-eNeuron|CAP1__L5-eNeuron
ICAM5__L6-eNeuron|CNTNAP1__L5-eNeuron
ICAM5__L6-eNeuron|EPHB6__L5-eNeuron
ICAM5__L6-eNeuron|FLOT1__L5-eNeuron
ICAM5__L6-eNeuron|GABBR2__L5-eNeuron
ICAM5__L6-eNeuron|GLG1__L5-eNeuron
ICAM5__L6-eNeuron|HRH3__L5-eNeuron
ICAM5__L6-eNeuron|KCNJ4__L2-L3-eNeuron
ICAM5__L6-eNeuron|KCNJ4__L4-eNeuron
ICAM5__L6-eNeuron|KCNJ4__L5-eNeuron
ICAM5__L6-eNeuron|LINGO1__L2-L3-eNeuron
ICAM5__L6-eNeuron|LINGO1__L4-eNeuron
ICAM5__L6-eNeuron|LINGO1__L5-eNeuron
ICAM5__L6-eNeuron|NLGN2__L5-eNeuron
ICAM5__L6-eNeuron|RTN4R__L4-eNeuron
ICAM5__L6-eNeuron|RTN4R__L5-eNeuron
ICAM5__L6-eNeuron|SLC17A7__L2-L3-eNeuron
ICAM5__L6-eNeuron|SLC17A7__L4-eNeuron
ICAM5__L6-eNeuron|SLC17A7__L5-eNeuron
ICAM5__L6-eNeuron|STX1A__L2-L3-eNeuron
ICAM5__L6-eNeuron|STX1A__L5-eNeuron
ICAM5__L6-eNeuron|SV2A__L5-eNeuron
IGFBP4__L2-L3-eNeuron|ADCY1__L5-eNeuron
IGFBP4__L2-L3-eNeuron|ADCY1__L6-eNeuron
IGFBP4__L2-L3-eNeuron|ADORA1__L5-eNeuron
IGFBP4__L2-L3-eNeuron|CADM3__L5-eNeuron
IGFBP4__L2-L3-eNeuron|CAP1__L5-eNeuron
IGFBP4__L2-L3-eNeuron|CNTNAP1__L5-eNeuron
IGFBP4__L2-L3-eNeuron|CNTNAP1__L6-eNeuron
IGFBP4__L2-L3-eNeuron|EPHB6__L5-eNeuron
IGFBP4__L2-L3-eNeuron|EPHB6__L6-eNeuron
IGFBP4__L2-L3-eNeuron|FLOT1__L5-eNeuron
IGFBP4__L2-L3-eNeuron|GABBR2__L5-eNeuron
IGFBP4__L2-L3-eNeuron|GABBR2__L6-eNeuron
IGFBP4__L2-L3-eNeuron|GLG1__L5-eNeuron
IGFBP4__L2-L3-eNeuron|HRH3__L5-eNeuron
IGFBP4__L2-L3-eNeuron|KCNJ4__L4-eNeuron
IGFBP4__L2-L3-eNeuron|KCNJ4__L5-eNeuron
IGFBP4__L2-L3-eNeuron|LINGO1__L4-eNeuron
IGFBP4__L2-L3-eNeuron|LINGO1__L5-eNeuron
IGFBP4__L2-L3-eNeuron|LINGO1__L6-eNeuron
IGFBP4__L2-L3-eNeuron|NLGN2__L5-eNeuron
IGFBP4__L2-L3-eNeuron|RTN4R__L4-eNeuron
IGFBP4__L2-L3-eNeuron|RTN4R__L5-eNeuron
IGFBP4__L2-L3-eNeuron|SLC17A7__L4-eNeuron
IGFBP4__L2-L3-eNeuron|SLC17A7__L5-eNeuron
IGFBP4__L2-L3-eNeuron|SLC17A7__L6-eNeuron
IGFBP4__L2-L3-eNeuron|STX1A__L5-eNeuron
IGFBP4__L2-L3-eNeuron|STX1A__L6-eNeuron
IGFBP4__L2-L3-eNeuron|SV2A__L5-eNeuron
IGFBP4__L2-L3-eNeuron|SV2A__L6-eNeuron
LRRC4B__L6-eNeuron|ADCY1__L2-L3-eNeuron
LRRC4B__L6-eNeuron|ADCY1__L5-eNeuron
LRRC4B__L6-eNeuron|ADORA1__L5-eNeuron
LRRC4B__L6-eNeuron|CADM3__L2-L3-eNeuron
LRRC4B__L6-eNeuron|CADM3__L5-eNeuron
LRRC4B__L6-eNeuron|CAP1__L5-eNeuron
LRRC4B__L6-eNeuron|CNTNAP1__L5-eNeuron
LRRC4B__L6-eNeuron|EPHB6__L5-eNeuron
LRRC4B__L6-eNeuron|FLOT1__L5-eNeuron
LRRC4B__L6-eNeuron|GABBR2__L5-eNeuron
LRRC4B__L6-eNeuron|GLG1__L5-eNeuron
LRRC4B__L6-eNeuron|HRH3__L5-eNeuron
LRRC4B__L6-eNeuron|KCNJ4__L2-L3-eNeuron
LRRC4B__L6-eNeuron|KCNJ4__L4-eNeuron
LRRC4B__L6-eNeuron|KCNJ4__L5-eNeuron
LRRC4B__L6-eNeuron|LINGO1__L2-L3-eNeuron
LRRC4B__L6-eNeuron|LINGO1__L4-eNeuron
LRRC4B__L6-eNeuron|LINGO1__L5-eNeuron
LRRC4B__L6-eNeuron|NLGN2__L5-eNeuron
LRRC4B__L6-eNeuron|RTN4R__L4-eNeuron
LRRC4B__L6-eNeuron|RTN4R__L5-eNeuron
LRRC4B__L6-eNeuron|SLC17A7__L2-L3-eNeuron
LRRC4B__L6-eNeuron|SLC17A7__L4-eNeuron
LRRC4B__L6-eNeuron|SLC17A7__L5-eNeuron
LRRC4B__L6-eNeuron|STX1A__L2-L3-eNeuron
LRRC4B__L6-eNeuron|STX1A__L5-eNeuron
LRRC4B__L6-eNeuron|SV2A__L5-eNeuron
NLGN2__L6-eNeuron|ADCY1__L2-L3-eNeuron
NLGN2__L6-eNeuron|ADCY1__L5-eNeuron
NLGN2__L6-eNeuron|ADORA1__L5-eNeuron
NLGN2__L6-eNeuron|CADM3__L2-L3-eNeuron
NLGN2__L6-eNeuron|CADM3__L5-eNeuron
NLGN2__L6-eNeuron|CAP1__L5-eNeuron
NLGN2__L6-eNeuron|CNTNAP1__L5-eNeuron
NLGN2__L6-eNeuron|EPHB6__L5-eNeuron
NLGN2__L6-eNeuron|FLOT1__L5-eNeuron
NLGN2__L6-eNeuron|GABBR2__L5-eNeuron
NLGN2__L6-eNeuron|GLG1__L5-eNeuron
NLGN2__L6-eNeuron|HRH3__L5-eNeuron
NLGN2__L6-eNeuron|KCNJ4__L2-L3-eNeuron
NLGN2__L6-eNeuron|KCNJ4__L4-eNeuron
NLGN2__L6-eNeuron|KCNJ4__L5-eNeuron
NLGN2__L6-eNeuron|LINGO1__L2-L3-eNeuron
NLGN2__L6-eNeuron|LINGO1__L4-eNeuron
NLGN2__L6-eNeuron|LINGO1__L5-eNeuron
NLGN2__L6-eNeuron|NLGN2__L5-eNeuron
NLGN2__L6-eNeuron|RTN4R__L4-eNeuron
NLGN2__L6-eNeuron|RTN4R__L5-eNeuron
NLGN2__L6-eNeuron|SLC17A7__L2-L3-eNeuron
NLGN2__L6-eNeuron|SLC17A7__L4-eNeuron
NLGN2__L6-eNeuron|SLC17A7__L5-eNeuron
NLGN2__L6-eNeuron|STX1A__L2-L3-eNeuron
NLGN2__L6-eNeuron|STX1A__L5-eNeuron
NLGN2__L6-eNeuron|SV2A__L5-eNeuron
NTRK3__L6-eNeuron|ADCY1__L2-L3-eNeuron
NTRK3__L6-eNeuron|ADCY1__L5-eNeuron
NTRK3__L6-eNeuron|ADORA1__L5-eNeuron
NTRK3__L6-eNeuron|CADM3__L2-L3-eNeuron
NTRK3__L6-eNeuron|CADM3__L5-eNeuron
NTRK3__L6-eNeuron|CAP1__L5-eNeuron
NTRK3__L6-eNeuron|CNTNAP1__L5-eNeuron
NTRK3__L6-eNeuron|EPHB6__L5-eNeuron
NTRK3__L6-eNeuron|FLOT1__L5-eNeuron
NTRK3__L6-eNeuron|GABBR2__L5-eNeuron
NTRK3__L6-eNeuron|GLG1__L5-eNeuron
NTRK3__L6-eNeuron|HRH3__L5-eNeuron
NTRK3__L6-eNeuron|KCNJ4__L2-L3-eNeuron
NTRK3__L6-eNeuron|KCNJ4__L4-eNeuron
NTRK3__L6-eNeuron|KCNJ4__L5-eNeuron
NTRK3__L6-eNeuron|LINGO1__L2-L3-eNeuron
NTRK3__L6-eNeuron|LINGO1__L4-eNeuron
NTRK3__L6-eNeuron|LINGO1__L5-eNeuron
NTRK3__L6-eNeuron|NLGN2__L5-eNeuron
NTRK3__L6-eNeuron|RTN4R__L4-eNeuron
NTRK3__L6-eNeuron|RTN4R__L5-eNeuron
NTRK3__L6-eNeuron|SLC17A7__L2-L3-eNeuron
NTRK3__L6-eNeuron|SLC17A7__L4-eNeuron
NTRK3__L6-eNeuron|SLC17A7__L5-eNeuron
NTRK3__L6-eNeuron|STX1A__L2-L3-eNeuron
NTRK3__L6-eNeuron|STX1A__L5-eNeuron
NTRK3__L6-eNeuron|SV2A__L5-eNeuron
PLTP__endothelial|ADCY1__L2-L3-eNeuron
PLTP__endothelial|ADCY1__L5-eNeuron
PLTP__endothelial|ADCY1__L6-eNeuron
PLTP__endothelial|ADORA1__L5-eNeuron
PLTP__endothelial|CADM3__L2-L3-eNeuron
PLTP__endothelial|CADM3__L5-eNeuron
PLTP__endothelial|CAP1__L5-eNeuron
PLTP__endothelial|CNTNAP1__L5-eNeuron
PLTP__endothelial|CNTNAP1__L6-eNeuron
PLTP__endothelial|EPHB6__L5-eNeuron
PLTP__endothelial|EPHB6__L6-eNeuron
PLTP__endothelial|FLOT1__L5-eNeuron
PLTP__endothelial|GABBR2__L5-eNeuron
PLTP__endothelial|GABBR2__L6-eNeuron
PLTP__endothelial|GLG1__L5-eNeuron
PLTP__endothelial|HRH3__L5-eNeuron
PLTP__endothelial|KCNJ4__L2-L3-eNeuron
PLTP__endothelial|KCNJ4__L4-eNeuron
PLTP__endothelial|KCNJ4__L5-eNeuron
PLTP__endothelial|LINGO1__L2-L3-eNeuron
PLTP__endothelial|LINGO1__L4-eNeuron
PLTP__endothelial|LINGO1__L5-eNeuron
PLTP__endothelial|LINGO1__L6-eNeuron
PLTP__endothelial|NLGN2__L5-eNeuron
PLTP__endothelial|RTN4R__L4-eNeuron
PLTP__endothelial|RTN4R__L5-eNeuron
PLTP__endothelial|SLC17A7__L2-L3-eNeuron
PLTP__endothelial|SLC17A7__L4-eNeuron
PLTP__endothelial|SLC17A7__L5-eNeuron
PLTP__endothelial|SLC17A7__L6-eNeuron
PLTP__endothelial|STX1A__L2-L3-eNeuron
PLTP__endothelial|STX1A__L5-eNeuron
PLTP__endothelial|STX1A__L6-eNeuron
PLTP__endothelial|SV2A__L5-eNeuron
PLTP__endothelial|SV2A__L6-eNeuron
RPH3A__L6-eNeuron|ADCY1__L2-L3-eNeuron
RPH3A__L6-eNeuron|ADCY1__L5-eNeuron
RPH3A__L6-eNeuron|ADORA1__L5-eNeuron
RPH3A__L6-eNeuron|CADM3__L2-L3-eNeuron
RPH3A__L6-eNeuron|CADM3__L5-eNeuron
RPH3A__L6-eNeuron|CAP1__L5-eNeuron
RPH3A__L6-eNeuron|CNTNAP1__L5-eNeuron
RPH3A__L6-eNeuron|EPHB6__L5-eNeuron
RPH3A__L6-eNeuron|FLOT1__L5-eNeuron
RPH3A__L6-eNeuron|GABBR2__L5-eNeuron
RPH3A__L6-eNeuron|GLG1__L5-eNeuron
RPH3A__L6-eNeuron|HRH3__L5-eNeuron
RPH3A__L6-eNeuron|KCNJ4__L2-L3-eNeuron
RPH3A__L6-eNeuron|KCNJ4__L4-eNeuron
RPH3A__L6-eNeuron|KCNJ4__L5-eNeuron
RPH3A__L6-eNeuron|LINGO1__L2-L3-eNeuron
RPH3A__L6-eNeuron|LINGO1__L4-eNeuron
RPH3A__L6-eNeuron|LINGO1__L5-eNeuron
RPH3A__L6-eNeuron|NLGN2__L5-eNeuron
RPH3A__L6-eNeuron|RTN4R__L4-eNeuron
RPH3A__L6-eNeuron|RTN4R__L5-eNeuron
RPH3A__L6-eNeuron|SLC17A7__L2-L3-eNeuron
RPH3A__L6-eNeuron|SLC17A7__L4-eNeuron
RPH3A__L6-eNeuron|SLC17A7__L5-eNeuron
RPH3A__L6-eNeuron|STX1A__L2-L3-eNeuron
RPH3A__L6-eNeuron|STX1A__L5-eNeuron
RPH3A__L6-eNeuron|SV2A__L5-eNeuron
SHANK1__L2-L3-eNeuron|ADCY1__L5-eNeuron
SHANK1__L2-L3-eNeuron|ADCY1__L6-eNeuron
SHANK1__L2-L3-eNeuron|ADORA1__L5-eNeuron
SHANK1__L2-L3-eNeuron|CADM3__L5-eNeuron
SHANK1__L2-L3-eNeuron|CAP1__L5-eNeuron
SHANK1__L2-L3-eNeuron|CNTNAP1__L5-eNeuron
SHANK1__L2-L3-eNeuron|CNTNAP1__L6-eNeuron
SHANK1__L2-L3-eNeuron|EPHB6__L5-eNeuron
SHANK1__L2-L3-eNeuron|EPHB6__L6-eNeuron
SHANK1__L2-L3-eNeuron|FLOT1__L5-eNeuron
SHANK1__L2-L3-eNeuron|GABBR2__L5-eNeuron
SHANK1__L2-L3-eNeuron|GABBR2__L6-eNeuron
SHANK1__L2-L3-eNeuron|GLG1__L5-eNeuron
SHANK1__L2-L3-eNeuron|HRH3__L5-eNeuron
SHANK1__L2-L3-eNeuron|KCNJ4__L4-eNeuron
SHANK1__L2-L3-eNeuron|KCNJ4__L5-eNeuron
SHANK1__L2-L3-eNeuron|LINGO1__L4-eNeuron
SHANK1__L2-L3-eNeuron|LINGO1__L5-eNeuron
SHANK1__L2-L3-eNeuron|LINGO1__L6-eNeuron
SHANK1__L2-L3-eNeuron|NLGN2__L5-eNeuron
SHANK1__L2-L3-eNeuron|RTN4R__L4-eNeuron
SHANK1__L2-L3-eNeuron|RTN4R__L5-eNeuron
SHANK1__L2-L3-eNeuron|SLC17A7__L4-eNeuron
SHANK1__L2-L3-eNeuron|SLC17A7__L5-eNeuron
SHANK1__L2-L3-eNeuron|SLC17A7__L6-eNeuron
SHANK1__L2-L3-eNeuron|STX1A__L5-eNeuron
SHANK1__L2-L3-eNeuron|STX1A__L6-eNeuron
SHANK1__L2-L3-eNeuron|SV2A__L5-eNeuron
SHANK1__L2-L3-eNeuron|SV2A__L6-eNeuron
SHANK1__L6-eNeuron|ADCY1__L2-L3-eNeuron
SHANK1__L6-eNeuron|ADCY1__L5-eNeuron
SHANK1__L6-eNeuron|ADORA1__L5-eNeuron
SHANK1__L6-eNeuron|CADM3__L2-L3-eNeuron
SHANK1__L6-eNeuron|CADM3__L5-eNeuron
SHANK1__L6-eNeuron|CAP1__L5-eNeuron
SHANK1__L6-eNeuron|CNTNAP1__L5-eNeuron
SHANK1__L6-eNeuron|EPHB6__L5-eNeuron
SHANK1__L6-eNeuron|FLOT1__L5-eNeuron
SHANK1__L6-eNeuron|GABBR2__L5-eNeuron
SHANK1__L6-eNeuron|GLG1__L5-eNeuron
SHANK1__L6-eNeuron|HRH3__L5-eNeuron
SHANK1__L6-eNeuron|KCNJ4__L2-L3-eNeuron
SHANK1__L6-eNeuron|KCNJ4__L4-eNeuron
SHANK1__L6-eNeuron|KCNJ4__L5-eNeuron
SHANK1__L6-eNeuron|LINGO1__L2-L3-eNeuron
SHANK1__L6-eNeuron|LINGO1__L4-eNeuron
SHANK1__L6-eNeuron|LINGO1__L5-eNeuron
SHANK1__L6-eNeuron|NLGN2__L5-eNeuron
SHANK1__L6-eNeuron|RTN4R__L4-eNeuron
SHANK1__L6-eNeuron|RTN4R__L5-eNeuron
SHANK1__L6-eNeuron|SLC17A7__L2-L3-eNeuron
SHANK1__L6-eNeuron|SLC17A7__L4-eNeuron
SHANK1__L6-eNeuron|SLC17A7__L5-eNeuron
SHANK1__L6-eNeuron|STX1A__L2-L3-eNeuron
SHANK1__L6-eNeuron|STX1A__L5-eNeuron
SHANK1__L6-eNeuron|SV2A__L5-eNeuron
SLITRK1__L2-L3-eNeuron|ADCY1__L5-eNeuron
SLITRK1__L2-L3-eNeuron|ADCY1__L6-eNeuron
SLITRK1__L2-L3-eNeuron|ADORA1__L5-eNeuron
SLITRK1__L2-L3-eNeuron|CADM3__L5-eNeuron
SLITRK1__L2-L3-eNeuron|CAP1__L5-eNeuron
SLITRK1__L2-L3-eNeuron|CNTNAP1__L5-eNeuron
SLITRK1__L2-L3-eNeuron|CNTNAP1__L6-eNeuron
SLITRK1__L2-L3-eNeuron|EPHB6__L5-eNeuron
SLITRK1__L2-L3-eNeuron|EPHB6__L6-eNeuron
SLITRK1__L2-L3-eNeuron|FLOT1__L5-eNeuron
SLITRK1__L2-L3-eNeuron|GABBR2__L5-eNeuron
SLITRK1__L2-L3-eNeuron|GABBR2__L6-eNeuron
SLITRK1__L2-L3-eNeuron|GLG1__L5-eNeuron
SLITRK1__L2-L3-eNeuron|HRH3__L5-eNeuron
SLITRK1__L2-L3-eNeuron|KCNJ4__L4-eNeuron
SLITRK1__L2-L3-eNeuron|KCNJ4__L5-eNeuron
SLITRK1__L2-L3-eNeuron|LINGO1__L4-eNeuron
SLITRK1__L2-L3-eNeuron|LINGO1__L5-eNeuron
SLITRK1__L2-L3-eNeuron|LINGO1__L6-eNeuron
SLITRK1__L2-L3-eNeuron|NLGN2__L5-eNeuron
SLITRK1__L2-L3-eNeuron|RTN4R__L4-eNeuron
SLITRK1__L2-L3-eNeuron|RTN4R__L5-eNeuron
SLITRK1__L2-L3-eNeuron|SLC17A7__L4-eNeuron
SLITRK1__L2-L3-eNeuron|SLC17A7__L5-eNeuron
SLITRK1__L2-L3-eNeuron|SLC17A7__L6-eNeuron
SLITRK1__L2-L3-eNeuron|STX1A__L5-eNeuron
SLITRK1__L2-L3-eNeuron|STX1A__L6-eNeuron
SLITRK1__L2-L3-eNeuron|SV2A__L5-eNeuron
SLITRK1__L2-L3-eNeuron|SV2A__L6-eNeuron
VEGFA__astrocytes|ADCY1__L2-L3-eNeuron
VEGFA__astrocytes|ADCY1__L5-eNeuron
VEGFA__astrocytes|ADCY1__L6-eNeuron
VEGFA__astrocytes|ADORA1__L5-eNeuron
VEGFA__astrocytes|CADM3__L2-L3-eNeuron
VEGFA__astrocytes|CADM3__L5-eNeuron
VEGFA__astrocytes|CAP1__L5-eNeuron
VEGFA__astrocytes|CNTNAP1__L5-eNeuron
VEGFA__astrocytes|CNTNAP1__L6-eNeuron
VEGFA__astrocytes|EPHB6__L5-eNeuron
VEGFA__astrocytes|EPHB6__L6-eNeuron
VEGFA__astrocytes|FLOT1__L5-eNeuron
VEGFA__astrocytes|GABBR2__L5-eNeuron
VEGFA__astrocytes|GABBR2__L6-eNeuron
VEGFA__astrocytes|GLG1__L5-eNeuron
VEGFA__astrocytes|HRH3__L5-eNeuron
VEGFA__astrocytes|KCNJ4__L2-L3-eNeuron
VEGFA__astrocytes|KCNJ4__L4-eNeuron
VEGFA__astrocytes|KCNJ4__L5-eNeuron
VEGFA__astrocytes|LINGO1__L2-L3-eNeuron
VEGFA__astrocytes|LINGO1__L4-eNeuron
VEGFA__astrocytes|LINGO1__L5-eNeuron
VEGFA__astrocytes|LINGO1__L6-eNeuron
VEGFA__astrocytes|NLGN2__L5-eNeuron
VEGFA__astrocytes|RTN4R__L4-eNeuron
VEGFA__astrocytes|RTN4R__L5-eNeuron
VEGFA__astrocytes|SLC17A7__L2-L3-eNeuron
VEGFA__astrocytes|SLC17A7__L4-eNeuron
VEGFA__astrocytes|SLC17A7__L5-eNeuron
VEGFA__astrocytes|SLC17A7__L6-eNeuron
VEGFA__astrocytes|STX1A__L2-L3-eNeuron
VEGFA__astrocytes|STX1A__L5-eNeuron
VEGFA__astrocytes|STX1A__L6-eNeuron
VEGFA__astrocytes|SV2A__L5-eNeuron
VEGFA__astrocytes|SV2A__L6-eNeuron
