thresh,raw,nonzero_filtered
0.000,0,0
0.000,0,0
0.001,0,0
0.002,0,0
0.002,0,0
0.002,0,0
0.003,0,0
0.004,0,0
0.004,0,0
0.005,0,0
0.005,0,0
0.006,0,0
0.006,0,0
0.007,0,0
0.007,0,0
0.008,0,0
0.008,0,0
0.008,0,0
0.009,0,0
0.010,0,0
0.010,0,0
0.010,0,0
0.011,0,0
0.012,0,0
0.012,0,0
0.012,0,0
0.013,0,0
0.014,0,0
0.014,0,0
0.014,0,0
0.015,0,0
0.016,0,0
0.016,0,0
0.016,0,0
0.017,0,0
0.018,0,0
0.018,0,0
0.018,0,0
0.019,0,0
0.020,0,0
0.020,0,0
0.020,0,0
0.021,0,0
0.022,0,0
0.022,0,0
0.022,0,0
0.023,0,0
0.024,0,0
0.024,0,0
0.024,0,0
0.025,0,0
0.026,0,0
0.026,0,0
0.026,0,0
0.027,0,0
0.028,0,0
0.028,0,0
0.028,0,0
0.029,0,0
0.030,0,0
0.030,0,0
0.030,0,0
0.031,0,0
0.032,0,0
0.032,0,0
0.032,0,0
0.033,0,0
0.034,0,0
0.034,0,0
0.034,0,0
0.035,0,0
0.036,0,0
0.036,0,0
0.036,0,0
0.037,0,0
0.038,0,0
0.038,0,0
0.038,0,0
0.039,0,0
0.040,0,0
0.040,0,0
0.040,0,0
0.041,0,0
0.042,0,0
0.042,0,0
0.042,0,0
0.043,0,0
0.044,0,0
0.044,0,0
0.044,0,0
0.045,1,0
0.046,1,0
0.046,1,0
0.046,1,0
0.047,1,0
0.048,1,0
0.048,1,0
0.048,1,0
0.049,1,0
0.050,2,2
0.050,2,2
0.050,2,2
0.051,2,2
0.052,2,2
0.052,2,2
0.052,2,2
0.053,2,2
0.054,2,2
0.054,2,2
0.054,2,2
0.055,3,3
0.056,3,3
0.056,3,3
0.056,3,3
0.057,3,3
0.058,3,3
0.058,3,3
0.058,3,3
0.059,3,3
0.060,3,3
0.060,3,3
0.060,3,3
0.061,3,3
0.062,3,3
0.062,3,3
0.062,3,3
0.063,3,3
0.064,3,3
0.064,3,3
0.064,3,3
0.065,3,3
0.066,3,3
0.066,3,3
0.066,3,3
0.067,3,3
0.068,3,3
0.068,3,3
0.068,3,3
0.069,3,3
0.070,3,3
0.070,3,3
0.070,3,3
0.071,3,3
0.072,3,3
0.072,3,3
0.072,3,3
0.073,3,3
0.074,3,3
0.074,3,3
0.074,3,3
0.075,3,3
0.076,3,3
0.076,3,3
0.076,3,3
0.077,3,3
0.078,3,3
0.078,3,3
0.078,3,3
0.079,3,3
0.080,3,3
0.080,3,3
0.080,3,3
0.081,3,3
0.082,3,3
0.082,3,3
0.082,3,3
0.083,3,3
0.084,3,3
0.084,3,3
0.084,3,3
0.085,3,3
0.086,3,3
0.086,3,3
0.087,3,3
0.087,3,3
0.088,3,3
0.088,3,3
0.088,3,3
0.089,3,3
0.090,3,3
0.090,3,3
0.090,3,3
0.091,3,3
0.092,3,3
0.092,3,3
0.092,3,3
0.093,4,4
0.094,4,4
0.094,4,4
0.094,4,4
0.095,4,4
0.096,4,4
0.096,4,4
0.096,4,4
0.097,4,4
0.098,4,4
0.098,4,4
0.098,4,4
0.099,4,4
0.100,4,4
0.100,4,4
0.100,4,4
0.101,4,4
0.102,4,4
0.102,4,4
0.103,4,4
0.103,4,4
0.104,4,4
0.104,4,4
0.104,4,4
0.105,5,5
0.106,5,5
0.106,5,5
0.106,5,5
0.107,5,5
0.108,5,5
0.108,5,5
0.108,5,5
0.109,5,5
0.110,5,5
0.110,5,5
0.110,5,5
0.111,5,5
0.112,5,5
0.112,5,5
0.112,5,5
0.113,5,5
0.114,5,5
0.114,5,5
0.114,5,5
0.115,5,5
0.116,5,5
0.116,5,5
0.116,5,5
0.117,5,5
0.118,5,5
0.118,5,5
0.119,5,5
0.119,5,5
0.120,5,5
0.120,5,5
0.120,5,5
0.121,5,5
0.122,5,5
0.122,5,5
0.122,5,5
0.123,5,5
0.124,5,5
0.124,5,5
0.124,5,5
0.125,5,5
0.126,5,5
0.126,5,5
0.126,5,5
0.127,5,5
0.128,5,5
0.128,5,5
0.128,5,5
0.129,5,5
0.130,5,5
0.130,5,5
0.130,5,5
0.131,6,6
0.132,7,6
0.132,7,6
0.132,7,6
0.133,7,6
0.134,8,7
0.134,8,7
0.134,8,7
0.135,8,7
0.136,8,7
0.136,8,7
0.136,8,7
0.137,8,7
0.138,8,7
0.138,8,7
0.138,8,7
0.139,8,7
0.140,8,7
0.140,8,7
0.140,8,7
0.141,8,7
0.142,8,7
0.142,8,7
0.143,8,7
0.143,8,7
0.144,8,7
0.144,8,7
0.144,8,7
0.145,8,7
0.146,8,7
0.146,8,7
0.146,8,7
0.147,8,7
0.148,8,7
0.148,8,7
0.148,8,7
0.149,8,7
0.150,8,7
0.150,8,7
0.150,8,7
0.151,8,7
0.152,8,7
0.152,8,7
0.152,8,7
0.153,8,7
0.154,8,7
0.154,8,7
0.154,8,7
0.155,8,7
0.156,8,7
0.156,8,7
0.156,8,7
0.157,8,7
0.158,8,7
0.158,8,7
0.158,8,7
0.159,9,8
0.160,9,8
0.160,9,8
0.160,9,8
0.161,9,8
0.162,10,9
0.162,10,9
0.162,10,9
0.163,10,9
0.164,10,9
0.164,10,9
0.164,10,9
0.165,10,9
0.166,10,9
0.166,10,9
0.166,10,9
0.167,10,9
0.168,10,9
0.168,10,9
0.168,10,9
0.169,10,9
0.170,10,9
0.170,10,9
0.170,10,9
0.171,10,9
0.172,10,9
0.172,10,9
0.173,11,10
0.173,11,10
0.174,11,10
0.174,11,10
0.175,11,10
0.175,11,10
0.176,11,10
0.176,11,10
0.176,11,10
0.177,11,10
0.178,11,10
0.178,11,10
0.178,11,10
0.179,11,10
0.180,11,10
0.180,11,10
0.180,11,10
0.181,11,10
0.182,11,10
0.182,11,10
0.182,11,10
0.183,11,10
0.184,12,11
0.184,12,11
0.184,12,11
0.185,12,11
0.186,12,11
0.186,12,11
0.186,12,11
0.187,12,11
0.188,13,12
0.188,13,12
0.188,13,12
0.189,13,12
0.190,13,12
0.190,13,12
0.190,13,12
0.191,13,12
0.192,13,12
0.192,13,12
0.192,13,12
0.193,14,13
0.194,14,13
0.194,14,13
0.194,14,13
0.195,14,13
0.196,14,13
0.196,14,13
0.196,14,13
0.197,14,13
0.198,14,13
0.198,14,13
0.198,14,13
0.199,14,13
0.200,14,13
0.200,14,13
0.200,14,13
0.201,14,13
0.202,14,13
0.202,14,13
0.202,14,13
0.203,14,13
0.204,15,14
0.204,15,14
0.205,16,15
0.205,16,15
0.206,17,16
0.206,17,16
0.207,18,17
0.207,18,17
0.208,18,17
0.208,18,17
0.208,18,17
0.209,18,17
0.210,18,17
0.210,18,17
0.210,18,17
0.211,18,17
0.212,18,17
0.212,18,17
0.212,18,17
0.213,18,17
0.214,18,17
0.214,18,17
0.214,18,17
0.215,18,17
0.216,18,17
0.216,18,17
0.216,18,17
0.217,18,17
0.218,18,17
0.218,18,17
0.218,18,17
0.219,18,17
0.220,18,17
0.220,18,17
0.220,18,17
0.221,18,17
0.222,18,17
0.222,18,17
0.222,18,17
0.223,18,17
0.224,18,17
0.224,18,17
0.224,18,17
0.225,18,17
0.226,19,19
0.226,19,19
0.226,19,19
0.227,20,20
0.228,20,20
0.228,20,20
0.228,20,20
0.229,20,20
0.230,21,21
0.230,21,21
0.230,21,21
0.231,21,21
0.232,21,21
0.232,21,21
0.232,21,21
0.233,21,21
0.234,21,21
0.234,21,21
0.234,21,21
0.235,21,21
0.236,21,21
0.236,21,21
0.237,21,21
0.237,21,21
0.238,21,21
0.238,21,21
0.239,21,21
0.239,21,21
0.240,23,23
0.240,23,23
0.240,23,23
0.241,23,23
0.242,23,23
0.242,23,23
0.242,23,23
0.243,23,23
0.244,23,23
0.244,23,23
0.244,23,23
0.245,23,23
0.246,23,23
0.246,23,23
0.246,23,23
0.247,23,23
0.248,24,24
0.248,24,24
0.248,24,24
0.249,24,24
0.250,26,26
0.250,26,26
0.250,26,26
0.251,27,27
0.252,27,27
0.252,27,27
0.252,27,27
0.253,27,27
0.254,27,27
0.254,27,27
0.254,27,27
0.255,27,27
0.256,27,27
0.256,27,27
0.256,27,27
0.257,27,27
0.258,27,27
0.258,27,27
0.258,27,27
0.259,27,27
0.260,27,27
0.260,27,27
0.260,27,27
0.261,27,27
0.262,27,27
0.262,27,27
0.262,27,27
0.263,27,27
0.264,27,27
0.264,27,27
0.264,27,27
0.265,28,28
0.266,28,28
0.266,28,28
0.266,28,28
0.267,29,29
0.268,30,30
0.268,30,30
0.268,30,30
0.269,30,30
0.270,31,31
0.270,31,31
0.270,31,31
0.271,31,31
0.272,31,31
0.272,31,31
0.272,31,31
0.273,31,31
0.274,31,31
0.274,31,31
0.274,31,31
0.275,31,31
0.276,32,32
0.276,32,32
0.276,32,32
0.277,32,32
0.278,32,32
0.278,32,32
0.278,32,32
0.279,32,32
0.280,33,33
0.280,33,33
0.280,33,33
0.281,33,33
0.282,33,33
0.282,33,33
0.283,33,33
0.283,33,33
0.284,33,33
0.284,33,33
0.285,33,33
0.285,33,33
0.286,33,33
0.286,33,33
0.287,33,33
0.287,33,33
0.288,33,33
0.288,33,33
0.288,33,33
0.289,33,33
0.290,33,33
0.290,33,33
0.290,33,33
0.291,33,33
0.292,33,33
0.292,33,33
0.292,33,33
0.293,33,33
0.294,34,34
0.294,34,34
0.294,34,34
0.295,34,34
0.296,35,35
0.296,35,35
0.296,35,35
0.297,35,35
0.298,35,35
0.298,35,35
0.298,35,35
0.299,35,35
0.300,36,36
0.300,36,36
0.300,36,36
0.301,36,36
0.302,37,37
0.302,37,37
0.302,37,37
0.303,37,37
0.304,39,39
0.304,39,39
0.304,39,39
0.305,40,40
0.306,40,40
0.306,40,40
0.306,40,40
0.307,40,40
0.308,40,40
0.308,40,40
0.308,40,40
0.309,40,40
0.310,40,40
0.310,40,40
0.310,40,40
0.311,40,40
0.312,41,41
0.312,41,41
0.312,41,41
0.313,41,41
0.314,41,41
0.314,41,41
0.314,41,41
0.315,42,42
0.316,42,42
0.316,42,42
0.316,42,42
0.317,42,42
0.318,42,42
0.318,42,42
0.318,42,42
0.319,42,42
0.320,42,42
0.320,42,42
0.320,42,42
0.321,42,42
0.322,43,43
0.322,43,43
0.322,43,43
0.323,43,43
0.324,44,44
0.324,44,44
0.324,44,44
0.325,44,44
0.326,46,46
0.326,46,46
0.326,46,46
0.327,47,47
0.328,47,47
0.328,47,47
0.328,47,47
0.329,47,47
0.330,47,47
0.330,47,47
0.330,47,47
0.331,47,47
0.332,47,47
0.332,47,47
0.332,47,47
0.333,48,48
0.334,49,49
0.334,49,49
0.334,49,49
0.335,50,50
0.336,51,51
0.336,51,51
0.336,51,51
0.337,51,51
0.338,51,51
0.338,51,51
0.338,51,51
0.339,51,51
0.340,51,51
0.340,51,51
0.340,51,51
0.341,53,53
0.342,53,53
0.342,53,53
0.342,53,53
0.343,53,53
0.344,53,53
0.344,53,53
0.344,53,53
0.345,54,54
0.346,54,54
0.346,54,54
0.347,54,54
0.347,54,54
0.348,54,54
0.348,54,54
0.349,54,54
0.349,54,54
0.350,54,54
0.350,54,54
0.351,54,54
0.351,54,54
0.352,54,54
0.352,54,54
0.352,54,54
0.353,54,54
0.354,54,54
0.354,54,54
0.354,54,54
0.355,54,54
0.356,54,54
0.356,54,54
0.356,54,54
0.357,54,54
0.358,55,55
0.358,55,55
0.358,55,55
0.359,55,55
0.360,56,56
0.360,56,56
0.360,56,56
0.361,56,56
0.362,56,56
0.362,56,56
0.362,56,56
0.363,57,57
0.364,57,57
0.364,57,57
0.364,57,57
0.365,57,57
0.366,57,57
0.366,57,57
0.366,57,57
0.367,57,57
0.368,58,58
0.368,58,58
0.368,58,58
0.369,58,58
0.370,59,59
0.370,59,59
0.370,59,59
0.371,60,60
0.372,60,60
0.372,60,60
0.372,60,60
0.373,60,60
0.374,60,60
0.374,60,60
0.374,60,60
0.375,61,61
0.376,62,62
0.376,62,62
0.376,62,62
0.377,62,62
0.378,63,63
0.378,63,63
0.378,63,63
0.379,63,63
0.380,63,63
0.380,63,63
0.380,63,63
0.381,63,63
0.382,63,63
0.382,63,63
0.382,63,63
0.383,63,63
0.384,63,63
0.384,63,63
0.384,63,63
0.385,63,63
0.386,64,64
0.386,64,64
0.386,64,64
0.387,64,64
0.388,65,65
0.388,65,65
0.388,65,65
0.389,65,65
0.390,65,65
0.390,65,65
0.390,65,65
0.391,65,65
0.392,65,65
0.392,65,65
0.392,65,65
0.393,65,65
0.394,65,65
0.394,65,65
0.394,65,65
0.395,65,65
0.396,65,65
0.396,65,65
0.396,65,65
0.397,65,65
0.398,66,66
0.398,66,66
0.398,66,66
0.399,67,67
0.400,67,67
