ADAM12__Stroma|ITGB1__Tcell
ADAM17__Endothelial|ITGA5__Malignant
ADAM17__Endothelial|ITGA5__Stroma
ADAM17__Endothelial|ITGB1__Malignant
ADAM17__Endothelial|ITGB1__Stroma
ADAM17__Endothelial|NOTCH1__Malignant
ADAM17__Endothelial|NOTCH1__Stroma
ADAM17__Malignant|NOTCH1__Stroma
ANGPT2__Stroma|ITGA5__Tcell
ANGPT2__Stroma|ITGB1__Tcell
ANGPTL2__Endothelial|ITGA5__Malignant
ANGPTL2__Endothelial|ITGA5__Stroma
ANGPTL2__Endothelial|ITGB1__Malignant
ANGPTL2__Endothelial|ITGB1__Stroma
ANGPTL2__Macrophage|ITGA5__Endothelial
ANGPTL2__Macrophage|TLR4__Endothelial
ANGPTL2__Stroma|ITGA5__Tcell
ANGPTL2__Stroma|ITGB1__Tcell
ANGPTL2__Stroma|LILRB2__Tcell
ANGPTL2__Stroma|LILRB3__Tcell
ANGPTL4__Macrophage|ITGA5__Endothelial
ANGPTL4__Macrophage|SDC2__Malignant
ANGPTL4__Stroma|ITGA5__Tcell
ANGPTL4__Stroma|ITGAV__Tcell
ANGPTL4__Stroma|ITGB1__Tcell
ANGPTL4__Stroma|SDC1__Tcell
APP__Malignant|NCSTN__Stroma
BGN__Stroma|LY96__Tcell
BGN__Stroma|TLR2__Tcell
BMP8A__Stroma|TGFBR1__Tcell
BMP8A__Stroma|TGFBR2__Tcell
BTLA__Bcell|CD247__Tcell
BTLA__Bcell|CD79A__Macrophage
BTLA__Bcell|CD79A__Stroma
BTLA__Bcell|TNFRSF14__Macrophage
BTLA__Bcell|TNFRSF14__Malignant
BTLA__Bcell|TNFRSF14__Stroma
BTLA__Bcell|TNFRSF14__Tcell
C3__Macrophage|CD81__Endothelial
C3__Macrophage|IFITM1__Endothelial
C3__Stroma|CD81__Tcell
C3__Stroma|IFITM1__Tcell
C3__Stroma|ITGAM__Tcell
C3__Stroma|ITGB2__Tcell
C3__Stroma|NRP1__Tcell
C3__Tcell|CD81__Malignant
C3__Tcell|CD81__Stroma
C3__Tcell|IFITM1__Malignant
C3__Tcell|IFITM1__Stroma
C3__Tcell|ITGB2__Stroma
C3__Tcell|NRP1__Macrophage
C3__Tcell|NRP1__Stroma
CADM1__Bcell|CADM1__Macrophage
CADM1__Bcell|CADM1__Malignant
CADM1__Bcell|CADM1__Stroma
CADM1__Bcell|CRTAM__Tcell
CD1D__Bcell|LILRB2__Macrophage
CD226__Bcell|PVR__Malignant
CD226__Bcell|PVR__Stroma
CD226__Tcell|PVR__Stroma
CD22__Bcell|PTPRC__Macrophage
CD22__Bcell|PTPRC__Malignant
CD38__Bcell|PECAM1__Macrophage
CD38__Bcell|PECAM1__Malignant
CD40LG__Tcell|CD40__Stroma
CD40LG__Tcell|ITGA5__Malignant
CD40LG__Tcell|ITGA5__Stroma
CD40LG__Tcell|ITGB1__Malignant
CD40LG__Tcell|ITGB1__Stroma
CD40LG__Tcell|ITGB2__Stroma
CD40LG__Tcell|TRAF3__Malignant
CD40LG__Tcell|TRAF3__Stroma
CD48__Bcell|CD2__Macrophage
CD48__Bcell|CD2__Malignant
CD48__Bcell|CD2__Stroma
CD48__Tcell|CD2__Stroma
CD58__Tcell|CD2__Stroma
CD96__Bcell|PVR__Malignant
CD96__Bcell|PVR__Stroma
CD96__Tcell|PVR__Stroma
CDH1__Malignant|KLRG1__Tcell
CFH__Stroma|ITGAM__Tcell
CLCF1__Tcell|IL6ST__Malignant
CLCF1__Tcell|IL6ST__Stroma
CLEC11A__Stroma|ITGB1__Tcell
CLEC2D__Bcell|KLRB1__Macrophage
CLEC2D__Bcell|KLRB1__Tcell
COL11A1__Stroma|ITGB1__Tcell
COL18A1__Stroma|ITGA5__Tcell
COL18A1__Stroma|ITGB1__Tcell
COL1A1__Stroma|ITGA1__Tcell
COL1A1__Stroma|ITGA5__Tcell
COL1A1__Stroma|ITGAV__Tcell
COL1A1__Stroma|ITGB1__Tcell
COL1A1__Stroma|SDC1__Tcell
COL1A2__Stroma|ITGA1__Tcell
COL1A2__Stroma|ITGAV__Tcell
COL1A2__Stroma|ITGB1__Tcell
COL1A2__Stroma|SDC1__Tcell
COL3A1__Stroma|ITGB1__Tcell
COL4A1__Stroma|ITGA1__Tcell
COL4A1__Stroma|ITGAV__Tcell
COL4A1__Stroma|ITGB1__Tcell
COL4A1__Stroma|SDC1__Tcell
COL4A2__Stroma|ITGA1__Tcell
COL4A2__Stroma|ITGAV__Tcell
COL4A2__Stroma|ITGB1__Tcell
COL4A2__Stroma|SDC1__Tcell
COL4A3__Tcell|CD44__Stroma
COL4A3__Tcell|CD47__Stroma
COL4A3__Tcell|ITGA11__Stroma
COL4A3__Tcell|ITGA1__Malignant
COL4A3__Tcell|ITGA1__Stroma
COL4A3__Tcell|ITGAV__Stroma
COL4A3__Tcell|ITGB1__Malignant
COL4A3__Tcell|ITGB1__Stroma
COL4A3__Tcell|SDC1__Malignant
COL4A3__Tcell|SDC1__Stroma
COL4A3__Tcell|SDC4__Stroma
COL5A1__Stroma|ITGA1__Tcell
COL5A1__Stroma|ITGB1__Tcell
COL5A2__Stroma|ITGA1__Tcell
COL5A2__Stroma|ITGB1__Tcell
COL6A1__Stroma|ITGA1__Tcell
COL6A1__Stroma|ITGA6__Tcell
COL6A1__Stroma|ITGAV__Tcell
COL6A1__Stroma|ITGB1__Tcell
COL6A1__Stroma|SDC1__Tcell
COL6A2__Stroma|ITGA1__Tcell
COL6A2__Stroma|ITGAV__Tcell
COL6A2__Stroma|ITGB1__Tcell
COL6A2__Stroma|SDC1__Tcell
COL6A3__Stroma|ITGA1__Tcell
COL6A3__Stroma|ITGAV__Tcell
COL6A3__Stroma|ITGB1__Tcell
COL6A3__Stroma|SDC1__Tcell
COL7A1__Stroma|ITGB1__Tcell
COL8A1__Stroma|ITGA1__Tcell
COMP__Stroma|ITGA5__Tcell
COMP__Stroma|ITGAV__Tcell
COMP__Stroma|ITGB1__Tcell
COMP__Stroma|SDC1__Tcell
CRTAM__Bcell|CADM1__Macrophage
CRTAM__Bcell|CADM1__Malignant
CRTAM__Bcell|CADM1__Stroma
CRTAM__Tcell|CADM1__Stroma
CSF1__Tcell|CSF1R__Stroma
CSPG4__Stroma|ITGB1__Tcell
CTSG__Bcell|F2RL2__Stroma
CTSG__Tcell|F2RL2__Stroma
CX3CL1__Bcell|ITGAV__Macrophage
CX3CL1__Bcell|ITGAV__Malignant
CX3CL1__Bcell|ITGAV__Stroma
CX3CL1__Bcell|ITGAV__Tcell
CX3CL1__Endothelial|ITGAV__Malignant
CX3CL1__Endothelial|ITGAV__Stroma
CX3CL1__Tcell|ITGAV__Stroma
CXCL12__Endothelial|CXCR4__Malignant
CXCL12__Endothelial|ITGA5__Malignant
CXCL12__Endothelial|ITGA5__Stroma
CXCL12__Endothelial|ITGAV__Malignant
CXCL12__Endothelial|ITGAV__Stroma
CXCL12__Endothelial|ITGB1__Malignant
CXCL12__Endothelial|ITGB1__Stroma
CXCL12__Endothelial|SDC4__Malignant
CXCL12__Macrophage|ITGA5__Endothelial
CXCL12__Stroma|CD4__Tcell
CXCL12__Stroma|CXCR4__Tcell
CXCL12__Stroma|ITGA5__Tcell
CXCL12__Stroma|ITGAV__Tcell
CXCL12__Stroma|ITGB1__Tcell
CXCL12__Tcell|CD4__Malignant
CXCL12__Tcell|CD4__Stroma
CXCL12__Tcell|ITGA5__Malignant
CXCL12__Tcell|ITGA5__Stroma
CXCL12__Tcell|ITGAV__Stroma
CXCL12__Tcell|ITGB1__Malignant
CXCL12__Tcell|ITGB1__Stroma
CXCL12__Tcell|SDC4__Stroma
DCN__Stroma|TLR2__Tcell
DLL4__Endothelial|NOTCH1__Malignant
DLL4__Endothelial|NOTCH1__Stroma
DLL4__Endothelial|NOTCH2__Malignant
DLL4__Endothelial|NOTCH2__Stroma
DLL4__Endothelial|NOTCH3__Malignant
DLL4__Endothelial|NOTCH3__Stroma
EBI3__Bcell|IL27RA__Macrophage
EBI3__Bcell|IL6ST__Macrophage
EBI3__Bcell|IL6ST__Malignant
EBI3__Bcell|IL6ST__Stroma
EBI3__Tcell|IL6ST__Malignant
EBI3__Tcell|IL6ST__Stroma
ECM1__Stroma|ITGB4__Tcell
EDIL3__Stroma|ITGB5__Tcell
EFNB1__Endothelial|EPHB2__Stroma
EFNB1__Endothelial|EPHB3__Stroma
EFNB1__Endothelial|EPHB4__Stroma
EFNB1__Endothelial|ERBB2__Malignant
EFNB1__Endothelial|ERBB2__Stroma
EFNB1__Stroma|ERBB2__Tcell
EPHA4__Bcell|EFNB1__Macrophage
EPHA4__Bcell|EFNB1__Stroma
EPHA4__Tcell|EFNB1__Stroma
F10__Tcell|ITGB2__Stroma
F13A1__Stroma|ITGB1__Tcell
FASLG__Macrophage|TNFRSF1A__Endothelial
FBLN1__Stroma|ITGB1__Tcell
FBLN1__Tcell|ITGB1__Malignant
FBLN1__Tcell|ITGB1__Stroma
FBN1__Stroma|ITGA5__Tcell
FBN1__Stroma|ITGAV__Tcell
FBN1__Stroma|ITGB1__Tcell
FCER2__Bcell|ITGAM__Macrophage
FCER2__Bcell|ITGAV__Macrophage
FCER2__Bcell|ITGAV__Malignant
FCER2__Bcell|ITGAV__Stroma
FCER2__Bcell|ITGAV__Tcell
FCER2__Bcell|ITGB2__Macrophage
FCER2__Bcell|ITGB2__Malignant
FCER2__Bcell|ITGB2__Stroma
FCER2__Tcell|ITGAV__Stroma
FCER2__Tcell|ITGB2__Stroma
FGF1__Stroma|NRP1__Tcell
FGF7__Bcell|FGFR1__Macrophage
FGF7__Bcell|FGFR1__Malignant
FGF7__Bcell|FGFR1__Stroma
FGF7__Bcell|NRP1__Macrophage
FGF7__Bcell|NRP1__Malignant
FGF7__Bcell|NRP1__Stroma
FGF7__Endothelial|FGFR1__Malignant
FGF7__Endothelial|NRP1__Malignant
FGF7__Endothelial|NRP1__Stroma
FGF7__Stroma|NRP1__Tcell
FGF7__Tcell|FGFR1__Stroma
FGF7__Tcell|NRP1__Macrophage
FGF7__Tcell|NRP1__Stroma
FN1__Stroma|CD79A__Tcell
FN1__Stroma|ITGA5__Tcell
FN1__Stroma|ITGA6__Tcell
FN1__Stroma|ITGAV__Tcell
FN1__Stroma|ITGB1__Tcell
FN1__Stroma|ITGB7__Tcell
FN1__Stroma|SDC1__Tcell
GAS6__Stroma|AXL__Tcell
GAS6__Tcell|AXL__Malignant
GAS6__Tcell|AXL__Stroma
GNAI2__Endothelial|IGF1R__Malignant
GNAI2__Endothelial|IGF1R__Stroma
GNAI2__Endothelial|UNC5B__Malignant
GRN__Macrophage|TNFRSF1A__Endothelial
GRN__Macrophage|TNFRSF1B__Endothelial
GZMA__Tcell|F2RL2__Stroma
HAS2__Tcell|CD44__Stroma
HBEGF__Macrophage|CD44__Stroma
HGF__Bcell|CD44__Macrophage
HGF__Bcell|CD44__Malignant
HGF__Bcell|SDC1__Macrophage
HGF__Bcell|SDC1__Malignant
HGF__Bcell|SDC1__Stroma
HGF__Bcell|SDC2__Macrophage
HGF__Bcell|SDC2__Malignant
HGF__Bcell|SDC2__Stroma
HGF__Macrophage|CD44__Stroma
HGF__Macrophage|SDC2__Malignant
HLA-DOA__Bcell|CD4__Macrophage
HLA-DOA__Bcell|CD4__Malignant
HLA-DOB__Bcell|CD4__Macrophage
HLA-DOB__Bcell|CD4__Malignant
HSPG2__Endothelial|ITGB1__Malignant
HSPG2__Endothelial|ITGB1__Stroma
HSPG2__Endothelial|SDC1__Malignant
HSPG2__Endothelial|SDC1__Stroma
HSPG2__Stroma|ITGB1__Tcell
HSPG2__Stroma|SDC1__Tcell
ICAM2__Bcell|ITGAL__Macrophage
ICAM2__Bcell|ITGAL__Malignant
ICAM2__Bcell|ITGAM__Macrophage
ICAM2__Bcell|ITGB2__Macrophage
ICAM2__Bcell|ITGB2__Malignant
ICAM2__Bcell|ITGB2__Stroma
ICAM2__Endothelial|ITGAL__Malignant
ICAM2__Endothelial|ITGB2__Malignant
ICAM2__Endothelial|ITGB2__Stroma
ICAM2__Macrophage|ITGAL__Endothelial
ICAM2__Tcell|ITGAL__Malignant
ICAM2__Tcell|ITGB2__Stroma
ICAM3__Bcell|CD209__Macrophage
ICAM3__Bcell|ITGAL__Macrophage
ICAM3__Bcell|ITGAL__Malignant
ICAM3__Bcell|ITGB2__Macrophage
ICAM3__Bcell|ITGB2__Malignant
ICAM3__Bcell|ITGB2__Stroma
ICAM3__Tcell|ITGAL__Malignant
ICAM3__Tcell|ITGB2__Stroma
ICOS__Tcell|ICOSLG__Stroma
IGF1__Bcell|IGF1R__Malignant
IGF1__Bcell|IGF1R__Stroma
IGF1__Bcell|INSR__Macrophage
IGF1__Bcell|INSR__Malignant
IGF1__Bcell|INSR__Stroma
IGF1__Bcell|ITGA6__Macrophage
IGF1__Bcell|ITGA6__Malignant
IGF1__Bcell|ITGAV__Macrophage
IGF1__Bcell|ITGAV__Malignant
IGF1__Bcell|ITGAV__Stroma
IGF1__Bcell|ITGAV__Tcell
IGF1__Bcell|ITGB4__Macrophage
IGF1__Bcell|ITGB4__Malignant
IGF1__Bcell|ITGB4__Stroma
IGF1__Stroma|IGF1R__Tcell
IGF1__Stroma|ITGA6__Tcell
IGF1__Stroma|ITGAV__Tcell
IGF1__Stroma|ITGB4__Tcell
IL15__Endothelial|IL2RG__Malignant
IL16__Bcell|CD4__Macrophage
IL16__Bcell|CD4__Malignant
IL16__Tcell|CD4__Malignant
IL16__Tcell|CD4__Stroma
IL34__Bcell|CSF1R__Macrophage
IL34__Bcell|CSF1R__Malignant
IL34__Bcell|CSF1R__Stroma
IL34__Tcell|CSF1R__Stroma
IL6__Tcell|IL6ST__Malignant
IL6__Tcell|IL6ST__Stroma
INHBA__Stroma|ENG__Tcell
ITGA4__Bcell|VCAM1__Macrophage
ITGA4__Bcell|VCAM1__Stroma
ITGA4__Bcell|VCAM1__Tcell
ITGA4__Tcell|VCAM1__Stroma
ITGAL__Bcell|CD226__Tcell
ITGAL__Bcell|ICAM1__Macrophage
ITGAL__Bcell|ICAM1__Malignant
ITGAL__Bcell|ICAM1__Stroma
ITGAL__Tcell|ICAM1__Stroma
ITGAM__Bcell|ICAM1__Macrophage
ITGAM__Bcell|ICAM1__Malignant
ITGAM__Bcell|ICAM1__Stroma
ITGAV__Stroma|THY1__Tcell
ITGB7__Bcell|VCAM1__Macrophage
ITGB7__Bcell|VCAM1__Stroma
ITGB7__Bcell|VCAM1__Tcell
ITGB7__Tcell|VCAM1__Stroma
JAG1__Endothelial|NOTCH1__Malignant
JAG1__Endothelial|NOTCH1__Stroma
JAG1__Endothelial|NOTCH2__Malignant
JAG1__Endothelial|NOTCH2__Stroma
JAG1__Endothelial|NOTCH3__Malignant
JAG1__Endothelial|NOTCH3__Stroma
JAG2__Endothelial|NOTCH1__Malignant
JAG2__Endothelial|NOTCH1__Stroma
JAG2__Endothelial|NOTCH2__Malignant
JAG2__Endothelial|NOTCH2__Stroma
JAG2__Endothelial|NOTCH3__Malignant
JAG2__Endothelial|NOTCH3__Stroma
JAG2__Malignant|NOTCH1__Stroma
JAG2__Malignant|NOTCH2__Stroma
JAG2__Malignant|NOTCH3__Stroma
JAM2__Endothelial|ITGAV__Malignant
JAM2__Endothelial|ITGAV__Stroma
JAM2__Endothelial|ITGB1__Malignant
JAM2__Endothelial|ITGB1__Stroma
JAM2__Stroma|F11R__Tcell
JAM2__Stroma|ITGAV__Tcell
JAM2__Stroma|ITGB1__Tcell
JAM3__Tcell|ITGB2__Stroma
LAMA2__Bcell|CD44__Macrophage
LAMA2__Bcell|CD44__Malignant
LAMA2__Bcell|ITGA1__Malignant
LAMA2__Bcell|ITGA1__Stroma
LAMA2__Bcell|ITGA6__Macrophage
LAMA2__Bcell|ITGA6__Malignant
LAMA2__Bcell|ITGAV__Macrophage
LAMA2__Bcell|ITGAV__Malignant
LAMA2__Bcell|ITGAV__Stroma
LAMA2__Bcell|ITGAV__Tcell
LAMA2__Bcell|ITGB1__Macrophage
LAMA2__Bcell|ITGB1__Malignant
LAMA2__Bcell|ITGB1__Stroma
LAMA2__Bcell|ITGB4__Macrophage
LAMA2__Bcell|ITGB4__Malignant
LAMA2__Bcell|ITGB4__Stroma
LAMA2__Macrophage|CD44__Stroma
LAMA2__Macrophage|ITGA2__Endothelial
LAMA2__Stroma|ITGA1__Tcell
LAMA2__Stroma|ITGA6__Tcell
LAMA2__Stroma|ITGAV__Tcell
LAMA2__Stroma|ITGB1__Tcell
LAMA2__Stroma|ITGB4__Tcell
LAMA2__Tcell|CD44__Stroma
LAMA2__Tcell|ITGA1__Malignant
LAMA2__Tcell|ITGA1__Stroma
LAMA2__Tcell|ITGA6__Malignant
LAMA2__Tcell|ITGAV__Stroma
LAMA2__Tcell|ITGB1__Malignant
LAMA2__Tcell|ITGB1__Stroma
LAMA2__Tcell|ITGB4__Malignant
LAMA2__Tcell|ITGB4__Stroma
LAMA4__Endothelial|CD44__Malignant
LAMA4__Endothelial|CD44__Stroma
LAMA4__Endothelial|ITGA1__Stroma
LAMA4__Endothelial|ITGA6__Malignant
LAMA4__Endothelial|ITGAV__Malignant
LAMA4__Endothelial|ITGAV__Stroma
LAMA4__Endothelial|ITGB1__Malignant
LAMA4__Endothelial|ITGB1__Stroma
LAMA4__Endothelial|ITGB4__Malignant
LAMA4__Endothelial|ITGB4__Stroma
LAMA4__Stroma|ITGA1__Tcell
LAMA4__Stroma|ITGA6__Tcell
LAMA4__Stroma|ITGAV__Tcell
LAMA4__Stroma|ITGB1__Tcell
LAMA4__Stroma|ITGB4__Tcell
LAMB1__Endothelial|CD44__Malignant
LAMB1__Endothelial|CD44__Stroma
LAMB1__Endothelial|ITGA1__Stroma
LAMB1__Endothelial|ITGA6__Malignant
LAMB1__Endothelial|ITGAV__Malignant
LAMB1__Endothelial|ITGAV__Stroma
LAMB1__Endothelial|ITGB1__Malignant
LAMB1__Endothelial|ITGB1__Stroma
LAMB1__Endothelial|ITGB4__Malignant
LAMB1__Endothelial|ITGB4__Stroma
LAMB1__Stroma|ITGA1__Tcell
LAMB1__Stroma|ITGA6__Tcell
LAMB1__Stroma|ITGAV__Tcell
LAMB1__Stroma|ITGB1__Tcell
LAMB1__Stroma|ITGB4__Tcell
LAMC1__Endothelial|CD44__Malignant
LAMC1__Endothelial|CD44__Stroma
LAMC1__Endothelial|ITGA1__Stroma
LAMC1__Endothelial|ITGA6__Malignant
LAMC1__Endothelial|ITGAV__Malignant
LAMC1__Endothelial|ITGAV__Stroma
LAMC1__Endothelial|ITGB1__Malignant
LAMC1__Endothelial|ITGB1__Stroma
LAMC1__Endothelial|ITGB4__Malignant
LAMC1__Endothelial|ITGB4__Stroma
LAMC1__Stroma|ITGA1__Tcell
LAMC1__Stroma|ITGA6__Tcell
LAMC1__Stroma|ITGAV__Tcell
LAMC1__Stroma|ITGB1__Tcell
LAMC1__Stroma|ITGB4__Tcell
LGALS1__Stroma|ITGB1__Tcell
LGALS1__Stroma|PTPRC__Tcell
LGALS9__Bcell|CD44__Macrophage
LGALS9__Bcell|CD44__Malignant
LGALS9__Bcell|HAVCR2__Macrophage
LGALS9__Bcell|HAVCR2__Tcell
LGALS9__Bcell|PTPRC__Macrophage
LGALS9__Bcell|PTPRC__Malignant
LGALS9__Endothelial|CD44__Malignant
LGALS9__Endothelial|CD44__Stroma
LGALS9__Macrophage|CD44__Stroma
LIF__Tcell|IL6ST__Malignant
LIF__Tcell|IL6ST__Stroma
LPL__Stroma|SDC1__Tcell
LTA__Bcell|EDNRA__Stroma
LTA__Bcell|LTBR__Macrophage
LTA__Bcell|LTBR__Malignant
LTA__Bcell|LTBR__Stroma
LTA__Bcell|TNFRSF14__Macrophage
LTA__Bcell|TNFRSF14__Malignant
LTA__Bcell|TNFRSF14__Stroma
LTA__Bcell|TNFRSF14__Tcell
LTA__Bcell|TNFRSF1A__Macrophage
LTA__Bcell|TNFRSF1A__Malignant
LTA__Bcell|TNFRSF1A__Tcell
LTA__Bcell|TNFRSF1B__Macrophage
LTA__Bcell|TNFRSF1B__Malignant
LTA__Bcell|TNFRSF1B__Tcell
LTA__Tcell|EDNRA__Stroma
LTA__Tcell|LTBR__Malignant
LTA__Tcell|LTBR__Stroma
LTA__Tcell|TNFRSF14__Malignant
LTA__Tcell|TNFRSF14__Stroma
LTA__Tcell|TNFRSF1A__Malignant
LTA__Tcell|TNFRSF1B__Malignant
LTA__Tcell|TNFRSF1B__Stroma
LTBP1__Stroma|ITGB5__Tcell
LTB__Tcell|CD40__Stroma
LTB__Tcell|LTBR__Malignant
LTB__Tcell|LTBR__Stroma
LTB__Tcell|TNFRSF1A__Malignant
LY86__Bcell|CD180__Macrophage
LYZ__Macrophage|ITGAL__Endothelial
MDK__Malignant|NOTCH2__Stroma
MDK__Malignant|SDC3__Stroma
MFGE8__Stroma|ITGAV__Tcell
MFNG__Bcell|NOTCH1__Macrophage
MFNG__Bcell|NOTCH1__Stroma
MFNG__Bcell|NOTCH2__Stroma
MFNG__Endothelial|NOTCH1__Malignant
MFNG__Endothelial|NOTCH1__Stroma
MFNG__Endothelial|NOTCH2__Malignant
MFNG__Endothelial|NOTCH2__Stroma
MMP9__Stroma|ITGAM__Tcell
MMP9__Stroma|ITGB2__Tcell
MRC1__Bcell|PTPRC__Macrophage
MRC1__Bcell|PTPRC__Malignant
NAMPT__Endothelial|INSR__Malignant
NAMPT__Endothelial|ITGA5__Malignant
NAMPT__Endothelial|ITGA5__Stroma
NAMPT__Endothelial|ITGB1__Malignant
NAMPT__Endothelial|ITGB1__Stroma
NID1__Endothelial|ITGAV__Malignant
NID1__Endothelial|ITGAV__Stroma
NID1__Endothelial|ITGB1__Malignant
NID1__Endothelial|ITGB1__Stroma
NID1__Endothelial|PTPRF__Malignant
NID1__Stroma|ITGAV__Tcell
NID1__Stroma|ITGB1__Tcell
NID1__Stroma|PTPRF__Endothelial
NPNT__Stroma|ITGB1__Tcell
PAPLN__Bcell|SIRPA__Macrophage
PAPLN__Bcell|SIRPA__Malignant
PAPLN__Bcell|SIRPA__Stroma
PAPLN__Tcell|SIRPA__Malignant
PAPLN__Tcell|SIRPA__Stroma
PDCD1LG2__Tcell|RGMB__Malignant
PDCD1LG2__Tcell|RGMB__Stroma
PDGFB__Stroma|ITGAV__Tcell
PDGFB__Stroma|S1PR1__Tcell
PGF__Endothelial|NRP1__Malignant
PGF__Endothelial|NRP1__Stroma
PGF__Endothelial|NRP2__Stroma
PGF__Stroma|NRP1__Tcell
PLA2G2A__Bcell|ITGA5__Macrophage
PLA2G2A__Bcell|ITGA5__Malignant
PLA2G2A__Bcell|ITGA5__Stroma
PLA2G2A__Bcell|ITGAV__Macrophage
PLA2G2A__Bcell|ITGAV__Malignant
PLA2G2A__Bcell|ITGAV__Stroma
PLA2G2A__Bcell|ITGAV__Tcell
PLA2G2A__Bcell|ITGB1__Macrophage
PLA2G2A__Bcell|ITGB1__Malignant
PLA2G2A__Bcell|ITGB1__Stroma
PLA2G2A__Macrophage|ITGA5__Endothelial
PLA2G2A__Stroma|ITGA5__Tcell
PLA2G2A__Stroma|ITGAV__Tcell
PLA2G2A__Stroma|ITGB1__Tcell
PLA2G2A__Tcell|ITGA5__Malignant
PLA2G2A__Tcell|ITGA5__Stroma
PLA2G2A__Tcell|ITGAV__Stroma
PLA2G2A__Tcell|ITGB1__Malignant
PLA2G2A__Tcell|ITGB1__Stroma
PLAU__Macrophage|ITGA5__Endothelial
PLAU__Macrophage|ITGB5__Endothelial
PLAU__Stroma|ITGA5__Tcell
PLAU__Stroma|ITGAM__Tcell
PLAU__Stroma|ITGAV__Tcell
PLAU__Stroma|ITGB1__Tcell
PLAU__Stroma|ITGB2__Tcell
PLAU__Stroma|ITGB5__Tcell
PLAU__Stroma|MRC2__Tcell
PLEKHO2__Endothelial|PDGFRB__Malignant
PLEKHO2__Tcell|PDGFRB__Stroma
POSTN__Stroma|ITGAV__Tcell
POSTN__Stroma|ITGB5__Tcell
PROS1__Endothelial|AXL__Malignant
PROS1__Stroma|AXL__Tcell
PSEN1__Malignant|NCSTN__Stroma
PSEN1__Malignant|NOTCH1__Stroma
PSEN1__Malignant|NOTCH2__Stroma
PSEN1__Malignant|NOTCH3__Stroma
PTN__Malignant|SDC3__Stroma
PTPRC__Bcell|MRC1__Macrophage
RGMA__Tcell|BMPR2__Stroma
RSPO3__Tcell|SDC4__Stroma
SELE__Bcell|CD44__Macrophage
SELE__Bcell|CD44__Malignant
SELE__Bcell|GLG1__Macrophage
SELE__Bcell|GLG1__Tcell
SELE__Endothelial|CD44__Malignant
SELE__Endothelial|CD44__Stroma
SELE__Tcell|CD44__Stroma
SELPLG__Tcell|ITGB2__Stroma
SEMA4A__Bcell|LILRB2__Macrophage
SEMA4A__Bcell|NRP1__Macrophage
SEMA4A__Bcell|NRP1__Malignant
SEMA4A__Bcell|NRP1__Stroma
SEMA4A__Bcell|PLXNA1__Macrophage
SEMA4A__Bcell|PLXNA1__Malignant
SEMA4A__Bcell|PLXNA1__Stroma
SEMA4A__Bcell|PLXNA3__Macrophage
SEMA4A__Bcell|PLXNA3__Malignant
SEMA4A__Bcell|PLXNA3__Stroma
SEMA4A__Bcell|PLXNB1__Macrophage
SEMA4A__Bcell|PLXNB1__Malignant
SEMA4A__Bcell|PLXNB1__Stroma
SEMA4A__Bcell|PLXNB2__Macrophage
SEMA4A__Bcell|PLXNB2__Malignant
SEMA4A__Bcell|PLXNB2__Stroma
SEMA4D__Bcell|CD72__Macrophage
SEMA4D__Bcell|ERBB2__Macrophage
SEMA4D__Bcell|ERBB2__Malignant
SEMA4D__Bcell|ERBB2__Stroma
SEMA4D__Bcell|PLXNB1__Macrophage
SEMA4D__Bcell|PLXNB1__Malignant
SEMA4D__Bcell|PLXNB1__Stroma
SEMA4D__Bcell|PLXNB2__Macrophage
SEMA4D__Bcell|PLXNB2__Malignant
SEMA4D__Bcell|PLXNB2__Stroma
SEMA4D__Tcell|ERBB2__Stroma
SEMA4D__Tcell|PLXNB1__Stroma
SEMA4D__Tcell|PLXNB2__Stroma
SEMA7A__Bcell|ITGA1__Malignant
SEMA7A__Bcell|ITGA1__Stroma
SEMA7A__Bcell|ITGB1__Macrophage
SEMA7A__Bcell|ITGB1__Malignant
SEMA7A__Bcell|ITGB1__Stroma
SEMA7A__Stroma|ITGA1__Tcell
SEMA7A__Stroma|ITGB1__Tcell
SERPINE1__Stroma|ITGAV__Tcell
SERPINE1__Stroma|ITGB5__Tcell
SIRPG__Tcell|CD47__Stroma
SLIT2__Bcell|APP__Macrophage
SLIT2__Bcell|APP__Malignant
SLIT2__Bcell|APP__Stroma
SLIT2__Bcell|ROBO1__Stroma
SLIT2__Bcell|SDC1__Macrophage
SLIT2__Bcell|SDC1__Malignant
SLIT2__Bcell|SDC1__Stroma
SLIT2__Stroma|APP__Tcell
SLIT2__Stroma|SDC1__Tcell
SLIT2__Tcell|APP__Malignant
SLIT2__Tcell|APP__Stroma
SLIT2__Tcell|ROBO1__Stroma
SLIT2__Tcell|SDC1__Malignant
SLIT2__Tcell|SDC1__Stroma
SNCA__Bcell|LAG3__Macrophage
SNCA__Bcell|LAG3__Malignant
SNCA__Bcell|LAG3__Stroma
SNCA__Bcell|LAG3__Tcell
SORBS1__Stroma|ITGA1__Tcell
SORBS1__Stroma|ITGB5__Tcell
SPON1__Stroma|APP__Tcell
SPON2__Stroma|ITGA5__Tcell
SPON2__Stroma|ITGAM__Tcell
SPON2__Stroma|ITGB1__Tcell
SPON2__Stroma|ITGB2__Tcell
TFPI__Endothelial|SDC4__Malignant
TGFB1__Bcell|ACVR1__Macrophage
TGFB1__Bcell|ACVRL1__Endothelial
TGFB1__Bcell|CAV1__Endothelial
TGFB1__Bcell|CAV1__Macrophage
TGFB1__Bcell|CAV1__Stroma
TGFB1__Bcell|CXCR4__Macrophage
TGFB1__Bcell|CXCR4__Malignant
TGFB1__Bcell|ENG__Endothelial
TGFB1__Bcell|ENG__Macrophage
TGFB1__Bcell|ENG__Malignant
TGFB1__Bcell|ITGAV__Macrophage
TGFB1__Bcell|ITGAV__Malignant
TGFB1__Bcell|ITGAV__Stroma
TGFB1__Bcell|ITGAV__Tcell
TGFB1__Bcell|SDC2__Macrophage
TGFB1__Bcell|SDC2__Malignant
TGFB1__Bcell|SDC2__Stroma
TGFB1__Bcell|TGFBR1__Endothelial
TGFB1__Bcell|TGFBR1__Macrophage
TGFB1__Bcell|TGFBR2__Endothelial
TGFB1__Bcell|TGFBR2__Macrophage
TGFB1__Bcell|TGFBR3__Tcell
TGFB1__Macrophage|SDC2__Malignant
TGFB1__Stroma|CXCR4__Tcell
TGFB1__Stroma|ENG__Tcell
TGFB1__Stroma|ITGAV__Tcell
TGFB1__Stroma|TGFBR1__Tcell
TGFB1__Stroma|TGFBR2__Tcell
TGFB1__Tcell|ACVR1__Stroma
TGFB1__Tcell|ENG__Malignant
TGFB1__Tcell|ENG__Stroma
TGFB1__Tcell|ITGAV__Stroma
TGFB1__Tcell|SDC2__Malignant
TGFB1__Tcell|SDC2__Stroma
TGFB3__Stroma|ENG__Tcell
TGFB3__Stroma|TGFBR1__Tcell
TGFB3__Stroma|TGFBR2__Tcell
TGFB3__Tcell|ACVR1__Stroma
TGFB3__Tcell|ENG__Malignant
TGFB3__Tcell|ENG__Stroma
THBS1__Stroma|ITGA6__Tcell
THBS1__Stroma|ITGAV__Tcell
THBS1__Stroma|ITGB1__Tcell
THBS1__Stroma|SDC1__Tcell
THBS2__Stroma|ITGA6__Tcell
THBS2__Stroma|ITGAV__Tcell
THBS2__Stroma|ITGB1__Tcell
THBS2__Stroma|SDC1__Tcell
THBS4__Stroma|ITGAV__Tcell
THBS4__Stroma|ITGB1__Tcell
THBS4__Stroma|SDC1__Tcell
THY1__Stroma|ITGAM__Tcell
THY1__Stroma|ITGAV__Tcell
THY1__Stroma|ITGB2__Tcell
TIGIT__Bcell|PVR__Malignant
TIGIT__Bcell|PVR__Stroma
TIGIT__Tcell|PVR__Stroma
TIMP2__Stroma|ITGB1__Tcell
TNC__Stroma|ITGAV__Tcell
TNC__Stroma|ITGB1__Tcell
TNC__Stroma|SDC1__Tcell
TNFSF13__Macrophage|SDC2__Malignant
TNFSF13__Macrophage|TNFRSF14__Endothelial
TNFSF13__Macrophage|TNFRSF1A__Endothelial
TNFSF14__Tcell|LTBR__Malignant
TNFSF14__Tcell|LTBR__Stroma
TNFSF14__Tcell|TNFRSF14__Malignant
TNFSF14__Tcell|TNFRSF14__Stroma
TNFSF14__Tcell|TNFRSF6B__Malignant
TNN__Bcell|ITGAV__Macrophage
TNN__Bcell|ITGAV__Malignant
TNN__Bcell|ITGAV__Stroma
TNN__Bcell|ITGAV__Tcell
TNN__Bcell|ITGB1__Macrophage
TNN__Bcell|ITGB1__Malignant
TNN__Bcell|ITGB1__Stroma
TNN__Bcell|SDC1__Macrophage
TNN__Bcell|SDC1__Malignant
TNN__Bcell|SDC1__Stroma
TNN__Bcell|SDC4__Macrophage
TNN__Bcell|SDC4__Malignant
TNN__Bcell|SDC4__Stroma
TNXB__Endothelial|ITGAV__Malignant
TNXB__Endothelial|ITGAV__Stroma
TNXB__Endothelial|ITGB1__Malignant
TNXB__Endothelial|ITGB1__Stroma
TNXB__Endothelial|SDC1__Malignant
TNXB__Endothelial|SDC1__Stroma
TNXB__Endothelial|SDC4__Malignant
TNXB__Stroma|ITGAV__Tcell
TNXB__Stroma|ITGB1__Tcell
TNXB__Stroma|SDC1__Tcell
TNXB__Tcell|ITGAV__Stroma
TNXB__Tcell|ITGB1__Malignant
TNXB__Tcell|ITGB1__Stroma
TNXB__Tcell|SDC1__Malignant
TNXB__Tcell|SDC1__Stroma
TNXB__Tcell|SDC4__Stroma
UBA52__Malignant|NOTCH1__Stroma
VCAM1__Endothelial|ITGB1__Malignant
VCAM1__Endothelial|ITGB1__Stroma
VCAM1__Endothelial|ITGB2__Malignant
VCAM1__Endothelial|ITGB2__Stroma
VCAM1__Stroma|ITGB1__Tcell
VCAM1__Stroma|ITGB2__Tcell
VCAM1__Stroma|ITGB7__Tcell
VCAM1__Tcell|ITGB1__Malignant
VCAM1__Tcell|ITGB1__Stroma
VCAM1__Tcell|ITGB2__Stroma
VCAN__Macrophage|CD44__Stroma
VCAN__Stroma|ITGB1__Tcell
VCAN__Stroma|TLR2__Tcell
VEGFB__Bcell|NRP1__Macrophage
VEGFB__Bcell|NRP1__Malignant
VEGFB__Bcell|NRP1__Stroma
VEGFB__Bcell|RET__Malignant
VEGFB__Stroma|NRP1__Tcell
VEGFC__Endothelial|ITGB1__Malignant
VEGFC__Endothelial|ITGB1__Stroma
VEGFC__Endothelial|NRP2__Stroma
VEGFC__Stroma|ITGB1__Tcell
VWF__Endothelial|ITGAV__Malignant
VWF__Endothelial|ITGAV__Stroma
WNT5B__Tcell|FZD2__Stroma
CDH3__Malignant|CD74__Bcell
CDH3__Malignant|CD74__Endothelial
CDH3__Malignant|CD74__Macrophage
CDH3__Malignant|CD74__Tcell
CDH3__Malignant|CD81__Macrophage
CDH3__Malignant|CD81__Stroma
CDH3__Malignant|TYROBP__Macrophage
COL1A1__Stroma|ALCAM__Malignant
COL1A1__Stroma|AMFR__Malignant
COL1A1__Stroma|APLP2__Malignant
COL1A1__Stroma|APP__Malignant
COL1A1__Stroma|ATP6AP2__Malignant
COL1A1__Stroma|BAMBI__Malignant
COL1A1__Stroma|CD151__Malignant
COL1A1__Stroma|CD44__Malignant
COL1A1__Stroma|CD55__Malignant
COL1A1__Stroma|CD63__Malignant
COL1A1__Stroma|CD74__Bcell
COL1A1__Stroma|CD74__Endothelial
COL1A1__Stroma|CD74__Macrophage
COL1A1__Stroma|CD74__Malignant
COL1A1__Stroma|CD74__Tcell
COL1A1__Stroma|CD81__Macrophage
COL1A1__Stroma|CD81__Malignant
COL1A1__Stroma|CD99__Malignant
COL1A1__Stroma|CD9__Malignant
COL1A1__Stroma|CDH1__Malignant
COL1A1__Stroma|DAG1__Malignant
COL1A1__Stroma|ENO1__Malignant
COL1A1__Stroma|ERBB2__Malignant
COL1A1__Stroma|ERBB3__Malignant
COL1A1__Stroma|FLOT1__Malignant
COL1A1__Stroma|GFRA1__Malignant
COL1A1__Stroma|IL6ST__Malignant
COL1A1__Stroma|ITGB1__Malignant
COL1A1__Stroma|LAMP1__Malignant
COL1A1__Stroma|NPTN__Malignant
COL1A1__Stroma|PLXNB2__Malignant
COL1A1__Stroma|PRLR__Malignant
COL1A1__Stroma|PTPRF__Malignant
COL1A1__Stroma|RAMP1__Malignant
COL1A1__Stroma|SDC1__Malignant
COL1A1__Stroma|SDC4__Malignant
COL1A1__Stroma|TYROBP__Macrophage
COL4A1__Stroma|ALCAM__Malignant
COL4A1__Stroma|AMFR__Malignant
COL4A1__Stroma|APLP2__Malignant
COL4A1__Stroma|APP__Malignant
COL4A1__Stroma|ATP6AP2__Malignant
COL4A1__Stroma|BAMBI__Malignant
COL4A1__Stroma|CD151__Malignant
COL4A1__Stroma|CD44__Malignant
COL4A1__Stroma|CD55__Malignant
COL4A1__Stroma|CD63__Malignant
COL4A1__Stroma|CD74__Bcell
COL4A1__Stroma|CD74__Endothelial
COL4A1__Stroma|CD74__Macrophage
COL4A1__Stroma|CD74__Malignant
COL4A1__Stroma|CD74__Tcell
COL4A1__Stroma|CD81__Macrophage
COL4A1__Stroma|CD81__Malignant
COL4A1__Stroma|CD99__Malignant
COL4A1__Stroma|CD9__Malignant
COL4A1__Stroma|CDH1__Malignant
COL4A1__Stroma|DAG1__Malignant
COL4A1__Stroma|ENO1__Malignant
COL4A1__Stroma|ERBB2__Malignant
COL4A1__Stroma|ERBB3__Malignant
COL4A1__Stroma|FLOT1__Malignant
COL4A1__Stroma|GFRA1__Malignant
COL4A1__Stroma|IL6ST__Malignant
COL4A1__Stroma|ITGB1__Malignant
COL4A1__Stroma|LAMP1__Malignant
COL4A1__Stroma|NPTN__Malignant
COL4A1__Stroma|PLXNB2__Malignant
COL4A1__Stroma|PRLR__Malignant
COL4A1__Stroma|PTPRF__Malignant
COL4A1__Stroma|RAMP1__Malignant
COL4A1__Stroma|SDC1__Malignant
COL4A1__Stroma|SDC4__Malignant
COL4A1__Stroma|TYROBP__Macrophage
COL4A2__Stroma|ALCAM__Malignant
COL4A2__Stroma|AMFR__Malignant
COL4A2__Stroma|APLP2__Malignant
COL4A2__Stroma|APP__Malignant
COL4A2__Stroma|ATP6AP2__Malignant
COL4A2__Stroma|BAMBI__Malignant
COL4A2__Stroma|CD151__Malignant
COL4A2__Stroma|CD44__Malignant
COL4A2__Stroma|CD55__Malignant
COL4A2__Stroma|CD63__Malignant
COL4A2__Stroma|CD74__Bcell
COL4A2__Stroma|CD74__Endothelial
COL4A2__Stroma|CD74__Macrophage
COL4A2__Stroma|CD74__Malignant
COL4A2__Stroma|CD74__Tcell
COL4A2__Stroma|CD81__Macrophage
COL4A2__Stroma|CD81__Malignant
COL4A2__Stroma|CD99__Malignant
COL4A2__Stroma|CD9__Malignant
COL4A2__Stroma|CDH1__Malignant
COL4A2__Stroma|DAG1__Malignant
COL4A2__Stroma|ENO1__Malignant
COL4A2__Stroma|ERBB2__Malignant
COL4A2__Stroma|ERBB3__Malignant
COL4A2__Stroma|FLOT1__Malignant
COL4A2__Stroma|GFRA1__Malignant
COL4A2__Stroma|IL6ST__Malignant
COL4A2__Stroma|ITGB1__Malignant
COL4A2__Stroma|LAMP1__Malignant
COL4A2__Stroma|NPTN__Malignant
COL4A2__Stroma|PLXNB2__Malignant
COL4A2__Stroma|PRLR__Malignant
COL4A2__Stroma|PTPRF__Malignant
COL4A2__Stroma|RAMP1__Malignant
COL4A2__Stroma|SDC1__Malignant
COL4A2__Stroma|SDC4__Malignant
COL4A2__Stroma|TYROBP__Macrophage
COL6A3__Stroma|ALCAM__Malignant
COL6A3__Stroma|AMFR__Malignant
COL6A3__Stroma|APLP2__Malignant
COL6A3__Stroma|APP__Malignant
COL6A3__Stroma|ATP6AP2__Malignant
COL6A3__Stroma|BAMBI__Malignant
COL6A3__Stroma|CD151__Malignant
COL6A3__Stroma|CD44__Malignant
COL6A3__Stroma|CD55__Malignant
COL6A3__Stroma|CD63__Malignant
COL6A3__Stroma|CD74__Bcell
COL6A3__Stroma|CD74__Endothelial
COL6A3__Stroma|CD74__Macrophage
COL6A3__Stroma|CD74__Malignant
COL6A3__Stroma|CD74__Tcell
COL6A3__Stroma|CD81__Macrophage
COL6A3__Stroma|CD81__Malignant
COL6A3__Stroma|CD99__Malignant
COL6A3__Stroma|CD9__Malignant
COL6A3__Stroma|CDH1__Malignant
COL6A3__Stroma|DAG1__Malignant
COL6A3__Stroma|ENO1__Malignant
COL6A3__Stroma|ERBB2__Malignant
COL6A3__Stroma|ERBB3__Malignant
COL6A3__Stroma|FLOT1__Malignant
COL6A3__Stroma|GFRA1__Malignant
COL6A3__Stroma|IL6ST__Malignant
COL6A3__Stroma|ITGB1__Malignant
COL6A3__Stroma|LAMP1__Malignant
COL6A3__Stroma|NPTN__Malignant
COL6A3__Stroma|PLXNB2__Malignant
COL6A3__Stroma|PRLR__Malignant
COL6A3__Stroma|PTPRF__Malignant
COL6A3__Stroma|RAMP1__Malignant
COL6A3__Stroma|SDC1__Malignant
COL6A3__Stroma|SDC4__Malignant
COL6A3__Stroma|TYROBP__Macrophage
COL9A2__Malignant|CD74__Bcell
COL9A2__Malignant|CD74__Endothelial
COL9A2__Malignant|CD74__Macrophage
COL9A2__Malignant|CD74__Tcell
COL9A2__Malignant|CD81__Macrophage
COL9A2__Malignant|CD81__Stroma
COL9A2__Malignant|TYROBP__Macrophage
CXCL12__Macrophage|ALCAM__Malignant
CXCL12__Macrophage|AMFR__Malignant
CXCL12__Macrophage|APLP2__Malignant
CXCL12__Macrophage|APP__Malignant
CXCL12__Macrophage|ATP6AP2__Malignant
CXCL12__Macrophage|BAMBI__Malignant
CXCL12__Macrophage|CD151__Malignant
CXCL12__Macrophage|CD44__Malignant
CXCL12__Macrophage|CD55__Malignant
CXCL12__Macrophage|CD63__Malignant
CXCL12__Macrophage|CD74__Bcell
CXCL12__Macrophage|CD74__Endothelial
CXCL12__Macrophage|CD74__Malignant
CXCL12__Macrophage|CD74__Tcell
CXCL12__Macrophage|CD81__Malignant
CXCL12__Macrophage|CD81__Stroma
CXCL12__Macrophage|CD99__Malignant
CXCL12__Macrophage|CD9__Malignant
CXCL12__Macrophage|CDH1__Malignant
CXCL12__Macrophage|DAG1__Malignant
CXCL12__Macrophage|ENO1__Malignant
CXCL12__Macrophage|ERBB2__Malignant
CXCL12__Macrophage|ERBB3__Malignant
CXCL12__Macrophage|FLOT1__Malignant
CXCL12__Macrophage|GFRA1__Malignant
CXCL12__Macrophage|IL6ST__Malignant
CXCL12__Macrophage|ITGB1__Malignant
CXCL12__Macrophage|LAMP1__Malignant
CXCL12__Macrophage|NPTN__Malignant
CXCL12__Macrophage|PLXNB2__Malignant
CXCL12__Macrophage|PRLR__Malignant
CXCL12__Macrophage|PTPRF__Malignant
CXCL12__Macrophage|RAMP1__Malignant
CXCL12__Macrophage|SDC1__Malignant
CXCL12__Macrophage|SDC4__Malignant
GAS6__Macrophage|ALCAM__Malignant
GAS6__Macrophage|AMFR__Malignant
GAS6__Macrophage|APLP2__Malignant
GAS6__Macrophage|APP__Malignant
GAS6__Macrophage|ATP6AP2__Malignant
GAS6__Macrophage|BAMBI__Malignant
GAS6__Macrophage|CD151__Malignant
GAS6__Macrophage|CD44__Malignant
GAS6__Macrophage|CD55__Malignant
GAS6__Macrophage|CD63__Malignant
GAS6__Macrophage|CD74__Bcell
GAS6__Macrophage|CD74__Endothelial
GAS6__Macrophage|CD74__Malignant
GAS6__Macrophage|CD74__Tcell
GAS6__Macrophage|CD81__Malignant
GAS6__Macrophage|CD81__Stroma
GAS6__Macrophage|CD99__Malignant
GAS6__Macrophage|CD9__Malignant
GAS6__Macrophage|CDH1__Malignant
GAS6__Macrophage|DAG1__Malignant
GAS6__Macrophage|ENO1__Malignant
GAS6__Macrophage|ERBB2__Malignant
GAS6__Macrophage|ERBB3__Malignant
GAS6__Macrophage|FLOT1__Malignant
GAS6__Macrophage|GFRA1__Malignant
GAS6__Macrophage|IL6ST__Malignant
GAS6__Macrophage|ITGB1__Malignant
GAS6__Macrophage|LAMP1__Malignant
GAS6__Macrophage|NPTN__Malignant
GAS6__Macrophage|PLXNB2__Malignant
GAS6__Macrophage|PRLR__Malignant
GAS6__Macrophage|PTPRF__Malignant
GAS6__Macrophage|RAMP1__Malignant
GAS6__Macrophage|SDC1__Malignant
GAS6__Macrophage|SDC4__Malignant
HLA-F__Tcell|ALCAM__Malignant
HLA-F__Tcell|AMFR__Malignant
HLA-F__Tcell|APLP2__Malignant
HLA-F__Tcell|APP__Malignant
HLA-F__Tcell|ATP6AP2__Malignant
HLA-F__Tcell|BAMBI__Malignant
HLA-F__Tcell|CD151__Malignant
HLA-F__Tcell|CD44__Malignant
HLA-F__Tcell|CD55__Malignant
HLA-F__Tcell|CD63__Malignant
HLA-F__Tcell|CD74__Bcell
HLA-F__Tcell|CD74__Endothelial
HLA-F__Tcell|CD74__Macrophage
HLA-F__Tcell|CD74__Malignant
HLA-F__Tcell|CD81__Macrophage
HLA-F__Tcell|CD81__Malignant
HLA-F__Tcell|CD81__Stroma
HLA-F__Tcell|CD99__Malignant
HLA-F__Tcell|CD9__Malignant
HLA-F__Tcell|CDH1__Malignant
HLA-F__Tcell|DAG1__Malignant
HLA-F__Tcell|ENO1__Malignant
HLA-F__Tcell|ERBB2__Malignant
HLA-F__Tcell|ERBB3__Malignant
HLA-F__Tcell|FLOT1__Malignant
HLA-F__Tcell|GFRA1__Malignant
HLA-F__Tcell|IL6ST__Malignant
HLA-F__Tcell|ITGB1__Malignant
HLA-F__Tcell|LAMP1__Malignant
HLA-F__Tcell|NPTN__Malignant
HLA-F__Tcell|PLXNB2__Malignant
HLA-F__Tcell|PRLR__Malignant
HLA-F__Tcell|PTPRF__Malignant
HLA-F__Tcell|RAMP1__Malignant
HLA-F__Tcell|SDC1__Malignant
HLA-F__Tcell|SDC4__Malignant
HLA-F__Tcell|TYROBP__Macrophage
ICOSLG__Malignant|CD74__Bcell
ICOSLG__Malignant|CD74__Endothelial
ICOSLG__Malignant|CD74__Macrophage
ICOSLG__Malignant|CD74__Tcell
ICOSLG__Malignant|CD81__Macrophage
ICOSLG__Malignant|CD81__Stroma
ICOSLG__Malignant|TYROBP__Macrophage
LAMA3__Malignant|CD74__Bcell
LAMA3__Malignant|CD74__Endothelial
LAMA3__Malignant|CD74__Macrophage
LAMA3__Malignant|CD74__Tcell
LAMA3__Malignant|CD81__Macrophage
LAMA3__Malignant|CD81__Stroma
LAMA3__Malignant|TYROBP__Macrophage
LAMA4__Stroma|ALCAM__Malignant
LAMA4__Stroma|AMFR__Malignant
LAMA4__Stroma|APLP2__Malignant
LAMA4__Stroma|APP__Malignant
LAMA4__Stroma|ATP6AP2__Malignant
LAMA4__Stroma|BAMBI__Malignant
LAMA4__Stroma|CD151__Malignant
LAMA4__Stroma|CD44__Malignant
LAMA4__Stroma|CD55__Malignant
LAMA4__Stroma|CD63__Malignant
LAMA4__Stroma|CD74__Bcell
LAMA4__Stroma|CD74__Endothelial
LAMA4__Stroma|CD74__Macrophage
LAMA4__Stroma|CD74__Malignant
LAMA4__Stroma|CD74__Tcell
LAMA4__Stroma|CD81__Macrophage
LAMA4__Stroma|CD81__Malignant
LAMA4__Stroma|CD99__Malignant
LAMA4__Stroma|CD9__Malignant
LAMA4__Stroma|CDH1__Malignant
LAMA4__Stroma|DAG1__Malignant
LAMA4__Stroma|ENO1__Malignant
LAMA4__Stroma|ERBB2__Malignant
LAMA4__Stroma|ERBB3__Malignant
LAMA4__Stroma|FLOT1__Malignant
LAMA4__Stroma|GFRA1__Malignant
LAMA4__Stroma|IL6ST__Malignant
LAMA4__Stroma|ITGB1__Malignant
LAMA4__Stroma|LAMP1__Malignant
LAMA4__Stroma|NPTN__Malignant
LAMA4__Stroma|PLXNB2__Malignant
LAMA4__Stroma|PRLR__Malignant
LAMA4__Stroma|PTPRF__Malignant
LAMA4__Stroma|RAMP1__Malignant
LAMA4__Stroma|SDC1__Malignant
LAMA4__Stroma|SDC4__Malignant
LAMA4__Stroma|TYROBP__Macrophage
LGALS9__Macrophage|ALCAM__Malignant
LGALS9__Macrophage|AMFR__Malignant
LGALS9__Macrophage|APLP2__Malignant
LGALS9__Macrophage|APP__Malignant
LGALS9__Macrophage|ATP6AP2__Malignant
LGALS9__Macrophage|BAMBI__Malignant
LGALS9__Macrophage|CD151__Malignant
LGALS9__Macrophage|CD44__Malignant
LGALS9__Macrophage|CD55__Malignant
LGALS9__Macrophage|CD63__Malignant
LGALS9__Macrophage|CD74__Bcell
LGALS9__Macrophage|CD74__Endothelial
LGALS9__Macrophage|CD74__Malignant
LGALS9__Macrophage|CD74__Tcell
LGALS9__Macrophage|CD81__Malignant
LGALS9__Macrophage|CD81__Stroma
LGALS9__Macrophage|CD99__Malignant
LGALS9__Macrophage|CD9__Malignant
LGALS9__Macrophage|CDH1__Malignant
LGALS9__Macrophage|DAG1__Malignant
LGALS9__Macrophage|ENO1__Malignant
LGALS9__Macrophage|ERBB2__Malignant
LGALS9__Macrophage|ERBB3__Malignant
LGALS9__Macrophage|FLOT1__Malignant
LGALS9__Macrophage|GFRA1__Malignant
LGALS9__Macrophage|IL6ST__Malignant
LGALS9__Macrophage|ITGB1__Malignant
LGALS9__Macrophage|LAMP1__Malignant
LGALS9__Macrophage|NPTN__Malignant
LGALS9__Macrophage|PLXNB2__Malignant
LGALS9__Macrophage|PRLR__Malignant
LGALS9__Macrophage|PTPRF__Malignant
LGALS9__Macrophage|RAMP1__Malignant
LGALS9__Macrophage|SDC1__Malignant
LGALS9__Macrophage|SDC4__Malignant
MDK__Malignant|CD74__Bcell
MDK__Malignant|CD74__Endothelial
MDK__Malignant|CD74__Macrophage
MDK__Malignant|CD74__Tcell
MDK__Malignant|CD81__Macrophage
MDK__Malignant|CD81__Stroma
MDK__Malignant|TYROBP__Macrophage
MMP9__Stroma|ALCAM__Malignant
MMP9__Stroma|AMFR__Malignant
MMP9__Stroma|APLP2__Malignant
MMP9__Stroma|APP__Malignant
MMP9__Stroma|ATP6AP2__Malignant
MMP9__Stroma|BAMBI__Malignant
MMP9__Stroma|CD151__Malignant
MMP9__Stroma|CD44__Malignant
MMP9__Stroma|CD55__Malignant
MMP9__Stroma|CD63__Malignant
MMP9__Stroma|CD74__Bcell
MMP9__Stroma|CD74__Endothelial
MMP9__Stroma|CD74__Macrophage
MMP9__Stroma|CD74__Malignant
MMP9__Stroma|CD74__Tcell
MMP9__Stroma|CD81__Macrophage
MMP9__Stroma|CD81__Malignant
MMP9__Stroma|CD99__Malignant
MMP9__Stroma|CD9__Malignant
MMP9__Stroma|CDH1__Malignant
MMP9__Stroma|DAG1__Malignant
MMP9__Stroma|ENO1__Malignant
MMP9__Stroma|ERBB2__Malignant
MMP9__Stroma|ERBB3__Malignant
MMP9__Stroma|FLOT1__Malignant
MMP9__Stroma|GFRA1__Malignant
MMP9__Stroma|IL6ST__Malignant
MMP9__Stroma|ITGB1__Malignant
MMP9__Stroma|LAMP1__Malignant
MMP9__Stroma|NPTN__Malignant
MMP9__Stroma|PLXNB2__Malignant
MMP9__Stroma|PRLR__Malignant
MMP9__Stroma|PTPRF__Malignant
MMP9__Stroma|RAMP1__Malignant
MMP9__Stroma|SDC1__Malignant
MMP9__Stroma|SDC4__Malignant
MMP9__Stroma|TYROBP__Macrophage
PVR__Malignant|CD74__Bcell
PVR__Malignant|CD74__Endothelial
PVR__Malignant|CD74__Macrophage
PVR__Malignant|CD74__Tcell
PVR__Malignant|CD81__Macrophage
PVR__Malignant|CD81__Stroma
PVR__Malignant|TYROBP__Macrophage
SEMA3C__Malignant|CD74__Bcell
SEMA3C__Malignant|CD74__Endothelial
SEMA3C__Malignant|CD74__Macrophage
SEMA3C__Malignant|CD74__Tcell
SEMA3C__Malignant|CD81__Macrophage
SEMA3C__Malignant|CD81__Stroma
SEMA3C__Malignant|TYROBP__Macrophage
SERPING1__Macrophage|ALCAM__Malignant
SERPING1__Macrophage|AMFR__Malignant
SERPING1__Macrophage|APLP2__Malignant
SERPING1__Macrophage|APP__Malignant
SERPING1__Macrophage|ATP6AP2__Malignant
SERPING1__Macrophage|BAMBI__Malignant
SERPING1__Macrophage|CD151__Malignant
SERPING1__Macrophage|CD44__Malignant
SERPING1__Macrophage|CD55__Malignant
SERPING1__Macrophage|CD63__Malignant
SERPING1__Macrophage|CD74__Bcell
SERPING1__Macrophage|CD74__Endothelial
SERPING1__Macrophage|CD74__Malignant
SERPING1__Macrophage|CD74__Tcell
SERPING1__Macrophage|CD81__Malignant
SERPING1__Macrophage|CD81__Stroma
SERPING1__Macrophage|CD99__Malignant
SERPING1__Macrophage|CD9__Malignant
SERPING1__Macrophage|CDH1__Malignant
SERPING1__Macrophage|DAG1__Malignant
SERPING1__Macrophage|ENO1__Malignant
SERPING1__Macrophage|ERBB2__Malignant
SERPING1__Macrophage|ERBB3__Malignant
SERPING1__Macrophage|FLOT1__Malignant
SERPING1__Macrophage|GFRA1__Malignant
SERPING1__Macrophage|IL6ST__Malignant
SERPING1__Macrophage|ITGB1__Malignant
SERPING1__Macrophage|LAMP1__Malignant
SERPING1__Macrophage|NPTN__Malignant
SERPING1__Macrophage|PLXNB2__Malignant
SERPING1__Macrophage|PRLR__Malignant
SERPING1__Macrophage|PTPRF__Malignant
SERPING1__Macrophage|RAMP1__Malignant
SERPING1__Macrophage|SDC1__Malignant
SERPING1__Macrophage|SDC4__Malignant
THY1__Stroma|ALCAM__Malignant
THY1__Stroma|AMFR__Malignant
THY1__Stroma|APLP2__Malignant
THY1__Stroma|APP__Malignant
THY1__Stroma|ATP6AP2__Malignant
THY1__Stroma|BAMBI__Malignant
THY1__Stroma|CD151__Malignant
THY1__Stroma|CD44__Malignant
THY1__Stroma|CD55__Malignant
THY1__Stroma|CD63__Malignant
THY1__Stroma|CD74__Bcell
THY1__Stroma|CD74__Endothelial
THY1__Stroma|CD74__Macrophage
THY1__Stroma|CD74__Malignant
THY1__Stroma|CD74__Tcell
THY1__Stroma|CD81__Macrophage
THY1__Stroma|CD81__Malignant
THY1__Stroma|CD99__Malignant
THY1__Stroma|CD9__Malignant
THY1__Stroma|CDH1__Malignant
THY1__Stroma|DAG1__Malignant
THY1__Stroma|ENO1__Malignant
THY1__Stroma|ERBB2__Malignant
THY1__Stroma|ERBB3__Malignant
THY1__Stroma|FLOT1__Malignant
THY1__Stroma|GFRA1__Malignant
THY1__Stroma|IL6ST__Malignant
THY1__Stroma|ITGB1__Malignant
THY1__Stroma|LAMP1__Malignant
THY1__Stroma|NPTN__Malignant
THY1__Stroma|PLXNB2__Malignant
THY1__Stroma|PRLR__Malignant
THY1__Stroma|PTPRF__Malignant
THY1__Stroma|RAMP1__Malignant
THY1__Stroma|SDC1__Malignant
THY1__Stroma|SDC4__Malignant
THY1__Stroma|TYROBP__Macrophage
VWF__Endothelial|ALCAM__Malignant
VWF__Endothelial|AMFR__Malignant
VWF__Endothelial|APLP2__Malignant
VWF__Endothelial|APP__Malignant
VWF__Endothelial|ATP6AP2__Malignant
VWF__Endothelial|BAMBI__Malignant
VWF__Endothelial|CD151__Malignant
VWF__Endothelial|CD44__Malignant
VWF__Endothelial|CD55__Malignant
VWF__Endothelial|CD63__Malignant
VWF__Endothelial|CD74__Bcell
VWF__Endothelial|CD74__Macrophage
VWF__Endothelial|CD74__Malignant
VWF__Endothelial|CD74__Tcell
VWF__Endothelial|CD81__Macrophage
VWF__Endothelial|CD81__Malignant
VWF__Endothelial|CD81__Stroma
VWF__Endothelial|CD99__Malignant
VWF__Endothelial|CD9__Malignant
VWF__Endothelial|CDH1__Malignant
VWF__Endothelial|DAG1__Malignant
VWF__Endothelial|ENO1__Malignant
VWF__Endothelial|ERBB2__Malignant
VWF__Endothelial|ERBB3__Malignant
VWF__Endothelial|FLOT1__Malignant
VWF__Endothelial|GFRA1__Malignant
VWF__Endothelial|IL6ST__Malignant
VWF__Endothelial|ITGB1__Malignant
VWF__Endothelial|LAMP1__Malignant
VWF__Endothelial|NPTN__Malignant
VWF__Endothelial|PLXNB2__Malignant
VWF__Endothelial|PRLR__Malignant
VWF__Endothelial|PTPRF__Malignant
VWF__Endothelial|RAMP1__Malignant
VWF__Endothelial|SDC1__Malignant
VWF__Endothelial|SDC4__Malignant
VWF__Endothelial|TYROBP__Macrophage
