Sender,Receiver,Ligand,Receptor,LRscore,all
Stroma,Bcell,COL1A1,CD74,34.077179377043954,Stroma_COL1A1_Bcell_CD74
Stroma,Endothelial,COL1A1,CD74,32.001792297302345,Stroma_COL1A1_Endothelial_CD74
Stroma,Macrophage,COL1A1,CD74,36.81294194712112,Stroma_COL1A1_Macrophage_CD74
Stroma,Malignant,COL1A1,CD74,37.61508425709736,Stroma_COL1A1_Malignant_CD74
Stroma,Tcell,COL1A1,CD74,35.51528394448166,Stroma_COL1A1_Tcell_CD74
Stroma,Bcell,COL6A3,CD74,15.333679429819307,Stroma_COL6A3_Bcell_CD74
Stroma,Endothelial,COL6A3,CD74,14.84954581471436,Stroma_COL6A3_Endothelial_CD74
Stroma,Macrophage,COL6A3,CD74,20.472434929183002,Stroma_COL6A3_Macrophage_CD74
Stroma,Malignant,COL6A3,CD74,21.786641835485362,Stroma_COL6A3_Malignant_CD74
Stroma,Tcell,COL6A3,CD74,18.778716153928542,Stroma_COL6A3_Tcell_CD74
Stroma,Malignant,COL1A1,CD151,36.11495052662121,Stroma_COL1A1_Malignant_CD151
Stroma,Macrophage,COL1A1,CD81,30.065618802558568,Stroma_COL1A1_Macrophage_CD81
Stroma,Malignant,COL1A1,CD81,30.55534688698458,Stroma_COL1A1_Malignant_CD81
Stroma,Malignant,COL1A1,CD63,35.48892505016184,Stroma_COL1A1_Malignant_CD63
Stroma,Malignant,COL6A3,CD63,20.635103380517524,Stroma_COL6A3_Malignant_CD63
Stroma,Macrophage,COL6A3,CD81,17.237757630430963,Stroma_COL6A3_Macrophage_CD81
Stroma,Malignant,COL6A3,CD81,17.940084011157143,Stroma_COL6A3_Malignant_CD81
Macrophage,Endothelial,C3,CD81,11.499288267330968,Macrophage_C3_Endothelial_CD81
Stroma,Tcell,C3,CD81,12.993750399628713,Stroma_C3_Tcell_CD81
Tcell,Malignant,C3,CD81,13.993925163173977,Tcell_C3_Malignant_CD81
Tcell,Stroma,C3,CD81,13.929134851985886,Tcell_C3_Stroma_CD81
Stroma,Tcell,COL3A1,ITGB1,17.497592315783685,Stroma_COL3A1_Tcell_ITGB1
Stroma,Tcell,FN1,ITGB1,19.743629502708966,Stroma_FN1_Tcell_ITGB1
Stroma,Malignant,COL1A1,ITGB1,24.156049721983873,Stroma_COL1A1_Malignant_ITGB1
Stroma,Tcell,COL1A1,ITGB1,20.92054801655168,Stroma_COL1A1_Tcell_ITGB1
Stroma,Tcell,COL1A2,ITGB1,21.483606672474576,Stroma_COL1A2_Tcell_ITGB1
Stroma,Malignant,COL6A3,CD151,20.79221424372825,Stroma_COL6A3_Malignant_CD151
Stroma,Tcell,COL6A2,ITGB1,16.064049427407856,Stroma_COL6A2_Tcell_ITGB1
Endothelial,Malignant,HSPG2,ITGB1,13.393976796145116,Endothelial_HSPG2_Malignant_ITGB1
Endothelial,Stroma,HSPG2,ITGB1,8.305314724824441,Endothelial_HSPG2_Stroma_ITGB1
Stroma,Tcell,HSPG2,ITGB1,10.4755892274599,Stroma_HSPG2_Tcell_ITGB1
Stroma,Malignant,COL1A1,ENO1,29.44038528841428,Stroma_COL1A1_Malignant_ENO1
Stroma,Tcell,LGALS1,ITGB1,15.408373701529325,Stroma_LGALS1_Tcell_ITGB1
Macrophage,Bcell,GAS6,CD74,7.494001457740168,Macrophage_GAS6_Bcell_CD74
Macrophage,Endothelial,GAS6,CD74,8.081321435303128,Macrophage_GAS6_Endothelial_CD74
Macrophage,Malignant,GAS6,CD74,7.909059931218905,Macrophage_GAS6_Malignant_CD74
Macrophage,Tcell,GAS6,CD74,8.504419841555732,Macrophage_GAS6_Tcell_CD74
Stroma,Tcell,COL6A1,ITGB1,14.741800828113734,Stroma_COL6A1_Tcell_ITGB1
Stroma,Tcell,VCAN,ITGB1,7.924477584968245,Stroma_VCAN_Tcell_ITGB1
Stroma,Tcell,COL18A1,ITGB1,11.9974793964176,Stroma_COL18A1_Tcell_ITGB1
Stroma,Malignant,COL6A3,ENO1,17.31665790078921,Stroma_COL6A3_Malignant_ENO1
Macrophage,Malignant,GAS6,CD63,7.5912809281954905,Macrophage_GAS6_Malignant_CD63
Stroma,Malignant,COL6A3,ITGB1,14.25676450184977,Stroma_COL6A3_Malignant_ITGB1
Stroma,Tcell,COL6A3,ITGB1,11.787047480460021,Stroma_COL6A3_Tcell_ITGB1
Stroma,Tcell,COL5A1,ITGB1,10.241791126195631,Stroma_COL5A1_Tcell_ITGB1
Stroma,Tcell,THBS2,ITGB1,8.451643822452816,Stroma_THBS2_Tcell_ITGB1
Macrophage,Malignant,GAS6,CD81,6.38230629318661,Macrophage_GAS6_Malignant_CD81
Macrophage,Stroma,GAS6,CD81,5.971158242885713,Macrophage_GAS6_Stroma_CD81
Macrophage,Malignant,GAS6,ITGB1,5.198492431665679,Macrophage_GAS6_Malignant_ITGB1
Macrophage,Malignant,GAS6,CD151,8.013721289340396,Macrophage_GAS6_Malignant_CD151
Stroma,Tcell,COL5A2,ITGB1,10.843881244655638,Stroma_COL5A2_Tcell_ITGB1
Stroma,Tcell,THBS1,ITGB1,10.584702575598918,Stroma_THBS1_Tcell_ITGB1
Stroma,Malignant,COL1A1,APP,25.044958097125875,Stroma_COL1A1_Malignant_APP
Macrophage,Malignant,GAS6,ENO1,6.174081422361194,Macrophage_GAS6_Malignant_ENO1
Stroma,Malignant,COL1A1,CD9,28.671191035388734,Stroma_COL1A1_Malignant_CD9
Stroma,Bcell,COL4A1,CD74,13.672959142046055,Stroma_COL4A1_Bcell_CD74
Stroma,Endothelial,COL4A1,CD74,10.501989042389416,Stroma_COL4A1_Endothelial_CD74
Stroma,Macrophage,COL4A1,CD74,13.744637639194213,Stroma_COL4A1_Macrophage_CD74
Stroma,Malignant,COL4A1,CD74,15.346790817952892,Stroma_COL4A1_Malignant_CD74
Stroma,Tcell,COL4A1,CD74,13.40702687158717,Stroma_COL4A1_Tcell_CD74
Stroma,Malignant,COL6A3,APP,14.578188664015434,Stroma_COL6A3_Malignant_APP
Stroma,Malignant,COL1A1,PLXNB2,28.50152925961141,Stroma_COL1A1_Malignant_PLXNB2
Stroma,Bcell,THY1,CD74,13.355570786964984,Stroma_THY1_Bcell_CD74
Stroma,Endothelial,THY1,CD74,11.69936143626098,Stroma_THY1_Endothelial_CD74
Stroma,Macrophage,THY1,CD74,15.006000585650575,Stroma_THY1_Macrophage_CD74
Stroma,Malignant,THY1,CD74,17.49038421095859,Stroma_THY1_Malignant_CD74
Stroma,Tcell,THY1,CD74,12.337755575338393,Stroma_THY1_Tcell_CD74
Stroma,Malignant,COL6A3,CD9,16.737096213808375,Stroma_COL6A3_Malignant_CD9
Stroma,Malignant,THY1,CD63,16.437257442036994,Stroma_THY1_Malignant_CD63
Stroma,Malignant,COL4A1,CD151,14.681586539998614,Stroma_COL4A1_Malignant_CD151
Stroma,Macrophage,COL4A1,CD81,11.598371480041882,Stroma_COL4A1_Macrophage_CD81
Stroma,Malignant,COL4A1,CD81,12.683903717252285,Stroma_COL4A1_Malignant_CD81
Stroma,Macrophage,THY1,CD81,12.765258607024066,Stroma_THY1_Macrophage_CD81
Stroma,Malignant,THY1,CD81,14.317280748175019,Stroma_THY1_Malignant_CD81
Stroma,Tcell,TIMP2,ITGB1,10.590184382087768,Stroma_TIMP2_Tcell_ITGB1
Malignant,Bcell,MDK,CD74,9.48159013744885,Malignant_MDK_Bcell_CD74
Malignant,Endothelial,MDK,CD74,12.48016853399689,Malignant_MDK_Endothelial_CD74
Malignant,Macrophage,MDK,CD74,13.342947212376131,Malignant_MDK_Macrophage_CD74
Malignant,Tcell,MDK,CD74,14.462475410129857,Malignant_MDK_Tcell_CD74
Macrophage,Bcell,SERPING1,CD74,12.908860604149366,Macrophage_SERPING1_Bcell_CD74
Macrophage,Endothelial,SERPING1,CD74,12.238620748110899,Macrophage_SERPING1_Endothelial_CD74
Macrophage,Malignant,SERPING1,CD74,12.650223735430764,Macrophage_SERPING1_Malignant_CD74
Macrophage,Tcell,SERPING1,CD74,12.632943140061789,Macrophage_SERPING1_Tcell_CD74
Stroma,Malignant,COL1A1,CD99,26.015490360555095,Stroma_COL1A1_Malignant_CD99
Stroma,Malignant,COL4A1,CD63,14.469336454435972,Stroma_COL4A1_Malignant_CD63
Macrophage,Malignant,GAS6,APP,5.281383680251136,Macrophage_GAS6_Malignant_APP
Malignant,Macrophage,MDK,CD81,11.148422389095694,Malignant_MDK_Macrophage_CD81
Malignant,Stroma,MDK,CD81,11.97649846531184,Malignant_MDK_Stroma_CD81
Macrophage,Malignant,SERPING1,CD63,12.164762538922076,Macrophage_SERPING1_Malignant_CD63
Macrophage,Malignant,SERPING1,CD81,10.259191084152267,Macrophage_SERPING1_Malignant_CD81
Macrophage,Stroma,SERPING1,CD81,10.769500458501126,Macrophage_SERPING1_Stroma_CD81
Stroma,Malignant,THY1,ENO1,13.802307242633866,Stroma_THY1_Malignant_ENO1
Stroma,Malignant,COL6A3,PLXNB2,16.459757273202538,Stroma_COL6A3_Malignant_PLXNB2
Stroma,Malignant,THY1,CD151,16.54207231553396,Stroma_THY1_Malignant_CD151
Stroma,Malignant,THY1,ITGB1,11.327461587807726,Stroma_THY1_Malignant_ITGB1
Macrophage,Malignant,GAS6,CD9,6.276087018138559,Macrophage_GAS6_Malignant_CD9
Stroma,Malignant,COL4A1,ITGB1,10.09625770342132,Stroma_COL4A1_Malignant_ITGB1
Stroma,Tcell,COL4A1,ITGB1,8.366862541596374,Stroma_COL4A1_Tcell_ITGB1
Stroma,Tcell,COMP,ITGB1,8.0060998090887,Stroma_COMP_Tcell_ITGB1
Stroma,Malignant,COL6A3,CD99,15.331951079795358,Stroma_COL6A3_Malignant_CD99
Stroma,Malignant,COL1A1,CD44,26.044588705116354,Stroma_COL1A1_Malignant_CD44
Macrophage,Malignant,SERPING1,CD151,12.447517262168153,Macrophage_SERPING1_Malignant_CD151
Macrophage,Malignant,GAS6,PLXNB2,6.341241764623499,Macrophage_GAS6_Malignant_PLXNB2
Macrophage,Malignant,SERPING1,ITGB1,8.241229374896804,Macrophage_SERPING1_Malignant_ITGB1
Stroma,Malignant,THY1,APP,11.763565424331054,Stroma_THY1_Malignant_APP
Stroma,Malignant,THY1,CD99,12.381470013302833,Stroma_THY1_Malignant_CD99
Stroma,Tcell,FBN1,ITGB1,7.6623467397020555,Stroma_FBN1_Tcell_ITGB1
Stroma,Malignant,COL4A1,ENO1,11.994437726520188,Stroma_COL4A1_Malignant_ENO1
Stroma,Malignant,COL6A3,CD44,15.247133403797672,Stroma_COL6A3_Malignant_CD44
Stroma,Tcell,POSTN,ITGB5,16.330065387283824,Stroma_POSTN_Tcell_ITGB5
Macrophage,Stroma,VCAN,CD44,9.352000511318023,Macrophage_VCAN_Stroma_CD44
Stroma,Malignant,COL1A1,FLOT1,24.051878483890366,Stroma_COL1A1_Malignant_FLOT1
Macrophage,Malignant,SERPING1,ENO1,9.870587938545864,Macrophage_SERPING1_Malignant_ENO1
Stroma,Malignant,COL1A1,LAMP1,26.73028873505927,Stroma_COL1A1_Malignant_LAMP1
Stroma,Malignant,COL6A3,FLOT1,14.123581334322688,Stroma_COL6A3_Malignant_FLOT1
Stroma,Malignant,COL6A3,LAMP1,15.732119314395192,Stroma_COL6A3_Malignant_LAMP1
Macrophage,Malignant,GAS6,CD99,5.658540383941266,Macrophage_GAS6_Malignant_CD99
Macrophage,Malignant,GAS6,CD44,5.447568801921281,Macrophage_GAS6_Malignant_CD44
Macrophage,Malignant,SERPING1,APP,8.59701354957144,Macrophage_SERPING1_Malignant_APP
Stroma,Malignant,COL1A1,SDC4,23.548951592913387,Stroma_COL1A1_Malignant_SDC4
Stroma,Tcell,SPON2,ITGB1,8.464931214042519,Stroma_SPON2_Tcell_ITGB1
Stroma,Malignant,COL4A1,APP,10.316749309256473,Stroma_COL4A1_Malignant_APP
Stroma,Malignant,COL4A1,CD9,11.717897224825277,Stroma_COL4A1_Malignant_CD9
Stroma,Bcell,COL4A2,CD74,10.962911520613282,Stroma_COL4A2_Bcell_CD74
Stroma,Endothelial,COL4A2,CD74,10.612869393224178,Stroma_COL4A2_Endothelial_CD74
Stroma,Macrophage,COL4A2,CD74,11.844204419621178,Stroma_COL4A2_Macrophage_CD74
Stroma,Malignant,COL4A2,CD74,13.357337369653319,Stroma_COL4A2_Malignant_CD74
Stroma,Tcell,COL4A2,CD74,10.25950319719877,Stroma_COL4A2_Tcell_CD74
Macrophage,Bcell,CXCL12,CD74,10.462279504583753,Macrophage_CXCL12_Bcell_CD74
Macrophage,Endothelial,CXCL12,CD74,10.656885105556233,Macrophage_CXCL12_Endothelial_CD74
Macrophage,Malignant,CXCL12,CD74,10.63690716155785,Macrophage_CXCL12_Malignant_CD74
Macrophage,Tcell,CXCL12,CD74,10.180305317392937,Macrophage_CXCL12_Tcell_CD74
Stroma,Malignant,THY1,CD9,13.354856380753342,Stroma_THY1_Malignant_CD9
Stroma,Malignant,COL1A1,PTPRF,26.936472410126687,Stroma_COL1A1_Malignant_PTPRF
Stroma,Tcell,COL11A1,ITGB1,6.377269977373336,Stroma_COL11A1_Tcell_ITGB1
Stroma,Malignant,COL6A3,PTPRF,15.620681081590744,Stroma_COL6A3_Malignant_PTPRF
Stroma,Malignant,COL4A2,CD63,12.553321924729978,Stroma_COL4A2_Malignant_CD63
Stroma,Macrophage,COL4A2,CD81,9.907008993915925,Stroma_COL4A2_Macrophage_CD81
Stroma,Malignant,COL4A2,CD81,11.036006233983693,Stroma_COL4A2_Malignant_CD81
Macrophage,Malignant,CXCL12,CD63,10.208457644720113,Macrophage_CXCL12_Malignant_CD63
Stroma,Malignant,COL1A1,GFRA1,25.16461599087627,Stroma_COL1A1_Malignant_GFRA1
Macrophage,Malignant,GAS6,FLOT1,5.235534095562019,Macrophage_GAS6_Malignant_FLOT1
Stroma,Malignant,COL1A1,IL6ST,27.65148467687327,Stroma_COL1A1_Malignant_IL6ST
Stroma,Tcell,CLEC11A,ITGB1,5.029461666982989,Stroma_CLEC11A_Tcell_ITGB1
Stroma,Malignant,COL6A3,IL6ST,16.063654765840358,Stroma_COL6A3_Malignant_IL6ST
Macrophage,Malignant,CXCL12,CD151,10.625953280803934,Macrophage_CXCL12_Malignant_CD151
Stroma,Malignant,COL4A2,ITGB1,8.664250747851348,Stroma_COL4A2_Malignant_ITGB1
Stroma,Tcell,COL4A2,ITGB1,6.916651901963833,Stroma_COL4A2_Tcell_ITGB1
Stroma,Malignant,THY1,FLOT1,11.31162646406234,Stroma_THY1_Malignant_FLOT1
Stroma,Malignant,COL4A2,CD151,12.710177129736227,Stroma_COL4A2_Malignant_CD151
Macrophage,Malignant,CXCL12,CD81,8.813149715933951,Macrophage_CXCL12_Malignant_CD81
Macrophage,Stroma,CXCL12,CD81,8.550879835286437,Macrophage_CXCL12_Stroma_CD81
Macrophage,Malignant,SERPING1,CD9,10.042442701820386,Macrophage_SERPING1_Malignant_CD9
Stroma,Malignant,THY1,CD44,12.10666075718075,Stroma_THY1_Malignant_CD44
Stroma,Malignant,COL6A3,SDC1,14.818081739776279,Stroma_COL6A3_Malignant_SDC1
Stroma,Tcell,COL6A3,SDC1,11.426981933423075,Stroma_COL6A3_Tcell_SDC1
Stroma,Tcell,FN1,SDC1,19.86021506223811,Stroma_FN1_Tcell_SDC1
Endothelial,Malignant,HSPG2,SDC1,13.870434407015226,Endothelial_HSPG2_Malignant_SDC1
Endothelial,Stroma,HSPG2,SDC1,7.5271605972068665,Endothelial_HSPG2_Stroma_SDC1
Stroma,Tcell,HSPG2,SDC1,10.60700235724514,Stroma_HSPG2_Tcell_SDC1
Stroma,Malignant,COL1A1,SDC1,25.223435183589345,Stroma_COL1A1_Malignant_SDC1
Stroma,Tcell,COL1A1,SDC1,21.2355618769719,Stroma_COL1A1_Tcell_SDC1
Stroma,Malignant,COL6A3,SDC4,13.750771233835867,Stroma_COL6A3_Malignant_SDC4
Stroma,Tcell,COL1A2,SDC1,21.84373930767865,Stroma_COL1A2_Tcell_SDC1
Stroma,Malignant,THY1,PLXNB2,13.195540074646361,Stroma_THY1_Malignant_PLXNB2
Stroma,Malignant,COL4A1,PLXNB2,11.735828432298081,Stroma_COL4A1_Malignant_PLXNB2
Stroma,Malignant,THY1,LAMP1,12.385862799956406,Stroma_THY1_Malignant_LAMP1
Stroma,Tcell,COL6A1,SDC1,15.067160225802356,Stroma_COL6A1_Tcell_SDC1
Stroma,Tcell,COL6A2,SDC1,16.4499932114033,Stroma_COL6A2_Tcell_SDC1
Stroma,Tcell,THBS2,SDC1,8.205772612832652,Stroma_THBS2_Tcell_SDC1
Macrophage,Malignant,GAS6,LAMP1,5.658188287402907,Macrophage_GAS6_Malignant_LAMP1
Macrophage,Malignant,GAS6,PTPRF,5.92873953246094,Macrophage_GAS6_Malignant_PTPRF
Macrophage,Malignant,SERPING1,CD99,9.190229572760263,Macrophage_SERPING1_Malignant_CD99
Macrophage,Malignant,SERPING1,PLXNB2,10.192050810203215,Macrophage_SERPING1_Malignant_PLXNB2
Macrophage,Endothelial,GRN,TNFRSF1A,10.507119422842557,Macrophage_GRN_Endothelial_TNFRSF1A
Stroma,Tcell,THBS1,SDC1,10.627500426317416,Stroma_THBS1_Tcell_SDC1
Stroma,Malignant,THY1,GFRA1,11.699280216539579,Stroma_THY1_Malignant_GFRA1
Endothelial,Malignant,CXCL12,ITGB1,5.892482601197233,Endothelial_CXCL12_Malignant_ITGB1
Endothelial,Stroma,CXCL12,ITGB1,4.422034630120398,Endothelial_CXCL12_Stroma_ITGB1
Macrophage,Malignant,CXCL12,ITGB1,7.015622173494004,Macrophage_CXCL12_Malignant_ITGB1
Stroma,Tcell,CXCL12,ITGB1,4.655164027095167,Stroma_CXCL12_Tcell_ITGB1
Tcell,Malignant,CXCL12,ITGB1,6.802802396771318,Tcell_CXCL12_Malignant_ITGB1
Tcell,Stroma,CXCL12,ITGB1,4.348848509412107,Tcell_CXCL12_Stroma_ITGB1
Macrophage,Malignant,CXCL12,ENO1,8.564205555170636,Macrophage_CXCL12_Malignant_ENO1
Macrophage,Malignant,GAS6,GFRA1,5.5984869012869645,Macrophage_GAS6_Malignant_GFRA1
Macrophage,Malignant,GAS6,SDC4,5.046804501973797,Macrophage_GAS6_Malignant_SDC4
Macrophage,Malignant,SERPING1,CD44,8.817729713860992,Macrophage_SERPING1_Malignant_CD44
Stroma,Malignant,COL4A1,CD99,10.767736880682667,Stroma_COL4A1_Malignant_CD99
Stroma,Malignant,COL4A2,ENO1,10.384224103038234,Stroma_COL4A2_Malignant_ENO1
Stroma,Tcell,FBLN1,ITGB1,6.067646445223587,Stroma_FBLN1_Tcell_ITGB1
Tcell,Malignant,FBLN1,ITGB1,10.944427631125393,Tcell_FBLN1_Malignant_ITGB1
Tcell,Stroma,FBLN1,ITGB1,6.369080846837661,Tcell_FBLN1_Stroma_ITGB1
Stroma,Malignant,COL4A1,CD44,10.710683698002544,Stroma_COL4A1_Malignant_CD44
Stroma,Malignant,COL6A3,GFRA1,14.77081267066417,Stroma_COL6A3_Malignant_GFRA1
Stroma,Malignant,THY1,SDC4,11.030361817727899,Stroma_THY1_Malignant_SDC4
Endothelial,Malignant,LAMC1,ITGB1,11.0032432063937,Endothelial_LAMC1_Malignant_ITGB1
Endothelial,Stroma,LAMC1,ITGB1,7.290941797845909,Endothelial_LAMC1_Stroma_ITGB1
Stroma,Tcell,LAMC1,ITGB1,8.487756877902969,Stroma_LAMC1_Tcell_ITGB1
Stroma,Malignant,COL1A1,APLP2,24.13964604394019,Stroma_COL1A1_Malignant_APLP2
Stroma,Malignant,COL1A1,ERBB3,22.539842470387207,Stroma_COL1A1_Malignant_ERBB3
Stroma,Tcell,COMP,SDC1,8.109426343332073,Stroma_COMP_Tcell_SDC1
Stroma,Macrophage,COL1A1,TYROBP,11.468225379048729,Stroma_COL1A1_Macrophage_TYROBP
Macrophage,Malignant,CXCL12,APP,7.303523349729062,Macrophage_CXCL12_Malignant_APP
Macrophage,Malignant,GAS6,IL6ST,5.947457438596038,Macrophage_GAS6_Malignant_IL6ST
Macrophage,Malignant,GAS6,SDC1,5.04067807135133,Macrophage_GAS6_Malignant_SDC1
Stroma,Malignant,COL4A2,PLXNB2,10.146736590662142,Stroma_COL4A2_Malignant_PLXNB2
Stroma,Malignant,COL6A3,APLP2,14.247620004414904,Stroma_COL6A3_Malignant_APLP2
Stroma,Malignant,COL4A1,PTPRF,10.87816360535426,Stroma_COL4A1_Malignant_PTPRF
Stroma,Malignant,COL4A1,SDC4,9.636275436210479,Stroma_COL4A1_Malignant_SDC4
Stroma,Malignant,COL6A3,ERBB3,13.184994583845956,Stroma_COL6A3_Malignant_ERBB3
Malignant,Macrophage,COL9A2,CD81,13.252285363658089,Malignant_COL9A2_Macrophage_CD81
Malignant,Stroma,COL9A2,CD81,11.809854791673398,Malignant_COL9A2_Stroma_CD81
Stroma,Malignant,THY1,PTPRF,12.335639742278927,Stroma_THY1_Malignant_PTPRF
Stroma,Malignant,COL1A1,ERBB2,25.684483639270734,Stroma_COL1A1_Malignant_ERBB2
Stroma,Malignant,COL4A1,FLOT1,9.948060236456831,Stroma_COL4A1_Malignant_FLOT1
Stroma,Malignant,COL6A3,ERBB2,14.939667971916197,Stroma_COL6A3_Malignant_ERBB2
Stroma,Macrophage,COL6A3,TYROBP,6.479032727076234,Stroma_COL6A3_Macrophage_TYROBP
Macrophage,Malignant,SERPING1,FLOT1,8.531770101733267,Macrophage_SERPING1_Malignant_FLOT1
Stroma,Malignant,COL4A2,APP,8.894949742917076,Stroma_COL4A2_Malignant_APP
Malignant,Bcell,COL9A2,CD74,13.087133338753043,Malignant_COL9A2_Bcell_CD74
Malignant,Endothelial,COL9A2,CD74,11.79653092818728,Malignant_COL9A2_Endothelial_CD74
Malignant,Macrophage,COL9A2,CD74,15.925408981911676,Malignant_COL9A2_Macrophage_CD74
Malignant,Tcell,COL9A2,CD74,12.362168639817403,Malignant_COL9A2_Tcell_CD74
Macrophage,Malignant,CXCL12,CD9,8.473473121929084,Macrophage_CXCL12_Malignant_CD9
Macrophage,Malignant,SERPING1,GFRA1,9.369024898597251,Macrophage_SERPING1_Malignant_GFRA1
Macrophage,Malignant,SERPING1,PTPRF,9.46839813458861,Macrophage_SERPING1_Malignant_PTPRF
Stroma,Malignant,COL4A2,CD9,10.110919682166758,Stroma_COL4A2_Malignant_CD9
Macrophage,Malignant,GAS6,ERBB3,4.911833075159058,Macrophage_GAS6_Malignant_ERBB3
Macrophage,Malignant,SERPING1,SDC4,8.3147430714131,Macrophage_SERPING1_Malignant_SDC4
Stroma,Malignant,COL4A1,GFRA1,10.348948265081809,Stroma_COL4A1_Malignant_GFRA1
Stroma,Malignant,COL4A2,CD99,9.372961652130744,Stroma_COL4A2_Malignant_CD99
Stroma,Malignant,COL4A1,SDC1,10.502897638533703,Stroma_COL4A1_Malignant_SDC1
Stroma,Tcell,COL4A1,SDC1,8.045418885571738,Stroma_COL4A1_Tcell_SDC1
Macrophage,Malignant,CXCL12,CD44,7.481339771562626,Macrophage_CXCL12_Malignant_CD44
Macrophage,Malignant,CXCL12,CD99,7.92323628124655,Macrophage_CXCL12_Malignant_CD99
Macrophage,Malignant,GAS6,APLP2,5.10434132682024,Macrophage_GAS6_Malignant_APLP2
Stroma,Malignant,THY1,ERBB3,10.377663534562773,Stroma_THY1_Malignant_ERBB3
Macrophage,Malignant,SERPING1,LAMP1,9.194046908795805,Macrophage_SERPING1_Malignant_LAMP1
Stroma,Malignant,COL4A1,LAMP1,11.03562694803406,Stroma_COL4A1_Malignant_LAMP1
Stroma,Malignant,COL4A2,PTPRF,9.36010747428717,Stroma_COL4A2_Malignant_PTPRF
Stroma,Malignant,COL4A1,APLP2,9.932105537899535,Stroma_COL4A1_Malignant_APLP2
Stroma,Macrophage,COL4A1,TYROBP,4.296371892523027,Stroma_COL4A1_Macrophage_TYROBP
Macrophage,Malignant,CXCL12,PLXNB2,8.60786476026172,Macrophage_CXCL12_Malignant_PLXNB2
Stroma,Malignant,COL4A2,SDC1,9.125452909547846,Stroma_COL4A2_Malignant_SDC1
Stroma,Tcell,COL4A2,SDC1,6.1412779501582255,Stroma_COL4A2_Tcell_SDC1
Macrophage,Malignant,CXCL12,FLOT1,7.347871061874212,Macrophage_CXCL12_Malignant_FLOT1
Malignant,Macrophage,MDK,TYROBP,4.326911571664574,Malignant_MDK_Macrophage_TYROBP
Stroma,Malignant,LAMA4,CD63,6.5036247975780475,Stroma_LAMA4_Malignant_CD63
Stroma,Bcell,LAMA4,CD74,4.700461139400747,Stroma_LAMA4_Bcell_CD74
Stroma,Endothelial,LAMA4,CD74,3.7889474218928823,Stroma_LAMA4_Endothelial_CD74
Stroma,Macrophage,LAMA4,CD74,5.696012317670492,Stroma_LAMA4_Macrophage_CD74
Stroma,Malignant,LAMA4,CD74,6.932257509154893,Stroma_LAMA4_Malignant_CD74
Stroma,Tcell,LAMA4,CD74,4.099093320894079,Stroma_LAMA4_Tcell_CD74
Stroma,Macrophage,LAMA4,CD81,4.853831006822851,Stroma_LAMA4_Macrophage_CD81
Stroma,Malignant,LAMA4,CD81,5.720455670401813,Stroma_LAMA4_Malignant_CD81
Stroma,Malignant,COL4A2,FLOT1,8.610481305344532,Stroma_COL4A2_Malignant_FLOT1
Endothelial,Malignant,LAMA4,ITGB1,3.431921848160453,Endothelial_LAMA4_Malignant_ITGB1
Endothelial,Stroma,LAMA4,ITGB1,2.604223305065536,Endothelial_LAMA4_Stroma_ITGB1
Stroma,Malignant,LAMA4,ITGB1,4.485532432600154,Stroma_LAMA4_Malignant_ITGB1
Stroma,Tcell,LAMA4,ITGB1,2.703064234816504,Stroma_LAMA4_Tcell_ITGB1
Macrophage,Malignant,CXCL12,GFRA1,7.985589989365605,Macrophage_CXCL12_Malignant_GFRA1
Bcell,Endothelial,TGFB1,ENG,1.5810751375279442,Bcell_TGFB1_Endothelial_ENG
Bcell,Macrophage,TGFB1,ENG,3.2794250094705584,Bcell_TGFB1_Macrophage_ENG
Bcell,Malignant,TGFB1,ENG,2.825060162954347,Bcell_TGFB1_Malignant_ENG
Stroma,Tcell,TGFB1,ENG,1.6565262983608215,Stroma_TGFB1_Tcell_ENG
Tcell,Malignant,TGFB1,ENG,3.5957403888318584,Tcell_TGFB1_Malignant_ENG
Tcell,Stroma,TGFB1,ENG,1.8517103772414714,Tcell_TGFB1_Stroma_ENG
Stroma,Malignant,THY1,IL6ST,12.801738720640023,Stroma_THY1_Malignant_IL6ST
Endothelial,Malignant,LAMC1,CD44,11.816704131777593,Endothelial_LAMC1_Malignant_CD44
Endothelial,Stroma,LAMC1,CD44,8.717612024554262,Endothelial_LAMC1_Stroma_CD44
Stroma,Malignant,THY1,SDC1,12.378866813286056,Stroma_THY1_Malignant_SDC1
Stroma,Tcell,NPNT,ITGB1,11.627153283716972,Stroma_NPNT_Tcell_ITGB1
Stroma,Malignant,COL4A2,CD44,9.373752741448207,Stroma_COL4A2_Malignant_CD44
Stroma,Malignant,THY1,ERBB2,11.920852219756473,Stroma_THY1_Malignant_ERBB2
Stroma,Tcell,COL6A2,ITGAV,13.352637309093236,Stroma_COL6A2_Tcell_ITGAV
Stroma,Tcell,FN1,ITGAV,16.431415604521156,Stroma_FN1_Tcell_ITGAV
Stroma,Tcell,POSTN,ITGAV,12.787651494167111,Stroma_POSTN_Tcell_ITGAV
Stroma,Tcell,COL1A1,ITGAV,17.50957576022156,Stroma_COL1A1_Tcell_ITGAV
Stroma,Tcell,COL1A2,ITGAV,18.022755449140412,Stroma_COL1A2_Tcell_ITGAV
Macrophage,Malignant,SERPING1,SDC1,8.314384648422989,Macrophage_SERPING1_Malignant_SDC1
Stroma,Malignant,THY1,APLP2,11.2126875898162,Stroma_THY1_Malignant_APLP2
Stroma,Tcell,COL6A1,ITGAV,12.18733723842452,Stroma_COL6A1_Tcell_ITGAV
Stroma,Malignant,COL4A1,IL6ST,11.31077533000621,Stroma_COL4A1_Malignant_IL6ST
Stroma,Tcell,COL6A3,ITGAV,9.581067186522025,Stroma_COL6A3_Tcell_ITGAV
Macrophage,Malignant,SERPING1,IL6ST,10.081932780604248,Macrophage_SERPING1_Malignant_IL6ST
Stroma,Malignant,COL4A2,LAMP1,9.580623744538,Stroma_COL4A2_Malignant_LAMP1
Stroma,Malignant,COL4A2,SDC4,8.544010555566238,Stroma_COL4A2_Malignant_SDC4
Stroma,Tcell,THBS1,ITGAV,8.831342010336137,Stroma_THBS1_Tcell_ITGAV
Macrophage,Malignant,GAS6,ERBB2,5.744124862314445,Macrophage_GAS6_Malignant_ERBB2
Stroma,Tcell,THBS2,ITGAV,7.345964492115886,Stroma_THBS2_Tcell_ITGAV
Stroma,Tcell,THY1,ITGAV,6.068718761170362,Stroma_THY1_Tcell_ITGAV
Stroma,Malignant,COL4A2,IL6ST,9.809585053950627,Stroma_COL4A2_Malignant_IL6ST
Stroma,Tcell,ITGAV,THY1,5.924823813435402,Stroma_ITGAV_Tcell_THY1
Stroma,Malignant,COL4A2,APLP2,8.491886471801385,Stroma_COL4A2_Malignant_APLP2
Macrophage,Malignant,SERPING1,ERBB2,9.547759933144604,Macrophage_SERPING1_Malignant_ERBB2
Endothelial,Malignant,LAMC1,ITGAV,7.778047602693709,Endothelial_LAMC1_Malignant_ITGAV
Endothelial,Stroma,LAMC1,ITGAV,6.158033114291265,Endothelial_LAMC1_Stroma_ITGAV
Stroma,Tcell,LAMC1,ITGAV,7.104077722044549,Stroma_LAMC1_Tcell_ITGAV
Malignant,Stroma,MDK,NOTCH2,6.914420612430622,Malignant_MDK_Stroma_NOTCH2
Stroma,Tcell,COMP,ITGAV,6.178537465455014,Stroma_COMP_Tcell_ITGAV
Stroma,Malignant,COL1A1,ATP6AP2,21.948336769618805,Stroma_COL1A1_Malignant_ATP6AP2
Macrophage,Malignant,SERPING1,APLP2,8.223712941188207,Macrophage_SERPING1_Malignant_APLP2
Stroma,Malignant,COL6A3,ATP6AP2,13.024016331073085,Stroma_COL6A3_Malignant_ATP6AP2
Stroma,Tcell,FBN1,ITGAV,5.916729705799142,Stroma_FBN1_Tcell_ITGAV
Stroma,Malignant,COL4A2,ERBB2,9.043775669339135,Stroma_COL4A2_Malignant_ERBB2
Stroma,Malignant,COL4A1,ERBB2,10.687031689730517,Stroma_COL4A1_Malignant_ERBB2
Stroma,Malignant,COL4A2,GFRA1,9.206367774639723,Stroma_COL4A2_Malignant_GFRA1
Stroma,Malignant,COL1A1,ALCAM,19.776171773416902,Stroma_COL1A1_Malignant_ALCAM
Stroma,Malignant,COL6A3,ALCAM,11.618055823768557,Stroma_COL6A3_Malignant_ALCAM
Stroma,Tcell,COL4A1,ITGAV,6.598049809872665,Stroma_COL4A1_Tcell_ITGAV
Stroma,Malignant,THY1,ATP6AP2,10.345555299613212,Stroma_THY1_Malignant_ATP6AP2
Stroma,Tcell,COL4A2,ITGAV,5.165640902145355,Stroma_COL4A2_Tcell_ITGAV
Stroma,Tcell,ECM1,ITGB4,9.713876119312966,Stroma_ECM1_Tcell_ITGB4
Endothelial,Malignant,GNAI2,UNC5B,10.153667331828998,Endothelial_GNAI2_Malignant_UNC5B
Macrophage,Malignant,SERPING1,ERBB3,8.32600339877239,Macrophage_SERPING1_Malignant_ERBB3
Stroma,Malignant,COL1A1,NPTN,20.443558919153322,Stroma_COL1A1_Malignant_NPTN
Stroma,Malignant,THY1,ALCAM,9.203695425764122,Stroma_THY1_Malignant_ALCAM
Macrophage,Malignant,GAS6,ATP6AP2,4.464636748815854,Macrophage_GAS6_Malignant_ATP6AP2
Stroma,Malignant,COL4A2,ERBB3,8.020632746252705,Stroma_COL4A2_Malignant_ERBB3
Stroma,Malignant,COL4A1,ERBB3,9.377768689621192,Stroma_COL4A1_Malignant_ERBB3
Stroma,Malignant,COL1A1,PRLR,16.954979837324483,Stroma_COL1A1_Malignant_PRLR
Stroma,Malignant,COL6A3,PRLR,9.96780189791065,Stroma_COL6A3_Malignant_PRLR
Stroma,Macrophage,THY1,TYROBP,5.44235940456234,Stroma_THY1_Macrophage_TYROBP
Stroma,Malignant,COL4A2,ATP6AP2,7.954855216089802,Stroma_COL4A2_Malignant_ATP6AP2
Macrophage,Endothelial,TNFSF13,TNFRSF1A,5.998589521976952,Macrophage_TNFSF13_Endothelial_TNFRSF1A
Stroma,Macrophage,COL4A2,TYROBP,4.175486576902972,Stroma_COL4A2_Macrophage_TYROBP
Macrophage,Malignant,SERPING1,ATP6AP2,7.459047227185234,Macrophage_SERPING1_Malignant_ATP6AP2
Macrophage,Malignant,GAS6,NPTN,5.277396911446162,Macrophage_GAS6_Malignant_NPTN
Macrophage,Malignant,GAS6,ALCAM,5.039262720350165,Macrophage_GAS6_Malignant_ALCAM
Stroma,Malignant,COL1A1,CDH1,19.815985341967117,Stroma_COL1A1_Malignant_CDH1
Stroma,Malignant,COL1A1,AMFR,13.695017145874273,Stroma_COL1A1_Malignant_AMFR
Malignant,Stroma,PSEN1,NOTCH2,5.52093560857143,Malignant_PSEN1_Stroma_NOTCH2
Macrophage,Malignant,GAS6,DAG1,4.435791133383212,Macrophage_GAS6_Malignant_DAG1
Macrophage,Malignant,GAS6,PRLR,4.012166179318482,Macrophage_GAS6_Malignant_PRLR
Macrophage,Malignant,GAS6,CD55,3.500030807990317,Macrophage_GAS6_Malignant_CD55
Stroma,Malignant,COL1A1,CD55,18.647091611697597,Stroma_COL1A1_Malignant_CD55
Stroma,Tcell,COL1A1,ITGA5,10.151169732300227,Stroma_COL1A1_Tcell_ITGA5
Stroma,Tcell,FN1,ITGA5,9.335463772959415,Stroma_FN1_Tcell_ITGA5
Macrophage,Malignant,GAS6,CDH1,3.9862873833397803,Macrophage_GAS6_Malignant_CDH1
Macrophage,Malignant,LGALS9,PLXNB2,6.371859124644327,Macrophage_LGALS9_Malignant_PLXNB2
Macrophage,Malignant,LGALS9,CD63,7.874562450500047,Macrophage_LGALS9_Malignant_CD63
Macrophage,Malignant,LGALS9,CD151,8.165845866827398,Macrophage_LGALS9_Malignant_CD151
Macrophage,Bcell,LGALS9,CD74,5.976238925165075,Macrophage_LGALS9_Bcell_CD74
Macrophage,Endothelial,LGALS9,CD74,8.40209959834435,Macrophage_LGALS9_Endothelial_CD74
Macrophage,Malignant,LGALS9,CD74,8.100860312271095,Macrophage_LGALS9_Malignant_CD74
Macrophage,Tcell,LGALS9,CD74,8.121827503410131,Macrophage_LGALS9_Tcell_CD74
Macrophage,Malignant,LGALS9,CD81,6.734308866695561,Macrophage_LGALS9_Malignant_CD81
Macrophage,Stroma,LGALS9,CD81,6.711850307002795,Macrophage_LGALS9_Stroma_CD81
Macrophage,Malignant,LGALS9,ENO1,6.482242065735996,Macrophage_LGALS9_Malignant_ENO1
Macrophage,Malignant,LGALS9,CD9,6.5492119609253745,Macrophage_LGALS9_Malignant_CD9
Macrophage,Malignant,LGALS9,ITGB1,5.441092582548626,Macrophage_LGALS9_Malignant_ITGB1
Bcell,Macrophage,LGALS9,CD44,5.430447546663715,Bcell_LGALS9_Macrophage_CD44
Bcell,Malignant,LGALS9,CD44,4.938490646291063,Bcell_LGALS9_Malignant_CD44
Endothelial,Malignant,LGALS9,CD44,5.953857677864234,Endothelial_LGALS9_Malignant_CD44
Endothelial,Stroma,LGALS9,CD44,6.082864009735425,Endothelial_LGALS9_Stroma_CD44
Macrophage,Malignant,LGALS9,CD44,5.729970700859992,Macrophage_LGALS9_Malignant_CD44
Macrophage,Stroma,LGALS9,CD44,5.420524221337761,Macrophage_LGALS9_Stroma_CD44
Macrophage,Malignant,LGALS9,LAMP1,5.873619638515126,Macrophage_LGALS9_Malignant_LAMP1
Macrophage,Malignant,LGALS9,IL6ST,6.387652151873321,Macrophage_LGALS9_Malignant_IL6ST
Macrophage,Malignant,LGALS9,CD99,5.855619743466669,Macrophage_LGALS9_Malignant_CD99
Macrophage,Malignant,LGALS9,FLOT1,5.665674360024108,Macrophage_LGALS9_Malignant_FLOT1
Macrophage,Malignant,LGALS9,SDC1,5.195082498438678,Macrophage_LGALS9_Malignant_SDC1
Macrophage,Malignant,LGALS9,PTPRF,6.283531924380962,Macrophage_LGALS9_Malignant_PTPRF
Macrophage,Malignant,LGALS9,APP,5.5893771271400015,Macrophage_LGALS9_Malignant_APP
Macrophage,Malignant,LGALS9,ERBB2,5.930969665017924,Macrophage_LGALS9_Malignant_ERBB2
Macrophage,Malignant,LGALS9,APLP2,5.274618632195565,Macrophage_LGALS9_Malignant_APLP2
Macrophage,Malignant,LGALS9,SDC4,5.3084353528969626,Macrophage_LGALS9_Malignant_SDC4
Macrophage,Malignant,LGALS9,ERBB3,5.410323969670492,Macrophage_LGALS9_Malignant_ERBB3
Macrophage,Malignant,LGALS9,GFRA1,6.328001155135732,Macrophage_LGALS9_Malignant_GFRA1
Bcell,Macrophage,TGFB1,ITGAV,5.203783113265846,Bcell_TGFB1_Macrophage_ITGAV
Bcell,Malignant,TGFB1,ITGAV,7.780980136493122,Bcell_TGFB1_Malignant_ITGAV
Bcell,Stroma,TGFB1,ITGAV,3.9870712146641796,Bcell_TGFB1_Stroma_ITGAV
Bcell,Tcell,TGFB1,ITGAV,5.292201279586927,Bcell_TGFB1_Tcell_ITGAV
Stroma,Tcell,TGFB1,ITGAV,3.836730385798508,Stroma_TGFB1_Tcell_ITGAV
Tcell,Stroma,TGFB1,ITGAV,3.9543097889625143,Tcell_TGFB1_Stroma_ITGAV
Macrophage,Malignant,LGALS9,ATP6AP2,4.878869809018593,Macrophage_LGALS9_Malignant_ATP6AP2
Macrophage,Malignant,LGALS9,ALCAM,4.789296850787803,Macrophage_LGALS9_Malignant_ALCAM
Macrophage,Malignant,LGALS9,NPTN,5.256863422660827,Macrophage_LGALS9_Malignant_NPTN
Macrophage,Malignant,SERPING1,ALCAM,7.943711562985209,Macrophage_SERPING1_Malignant_ALCAM
Endothelial,Malignant,GNAI2,IGF1R,10.074939485486409,Endothelial_GNAI2_Malignant_IGF1R
Endothelial,Stroma,GNAI2,IGF1R,11.570478697305404,Endothelial_GNAI2_Stroma_IGF1R
Stroma,Tcell,MFGE8,ITGAV,6.539463057938837,Stroma_MFGE8_Tcell_ITGAV
Macrophage,Malignant,SERPING1,CDH1,6.7819164905773315,Macrophage_SERPING1_Malignant_CDH1
Macrophage,Malignant,LGALS9,CDH1,3.9516380704000023,Macrophage_LGALS9_Malignant_CDH1
Macrophage,Malignant,GAS6,AMFR,3.4687168105152915,Macrophage_GAS6_Malignant_AMFR
Macrophage,Malignant,LGALS9,DAG1,4.592899097920245,Macrophage_LGALS9_Malignant_DAG1
Macrophage,Malignant,LGALS9,PRLR,4.061103768279107,Macrophage_LGALS9_Malignant_PRLR
Malignant,Stroma,APP,NCSTN,12.271733137268416,Malignant_APP_Stroma_NCSTN
Stroma,Malignant,COL4A1,ALCAM,8.244827885627604,Stroma_COL4A1_Malignant_ALCAM
Endothelial,Malignant,LAMC1,ITGB4,7.907771327820632,Endothelial_LAMC1_Malignant_ITGB4
Endothelial,Stroma,LAMC1,ITGB4,7.305726539487617,Endothelial_LAMC1_Stroma_ITGB4
Stroma,Tcell,LAMC1,ITGB4,8.383148917092992,Stroma_LAMC1_Tcell_ITGB4
Endothelial,Malignant,NID1,ITGB1,6.0163438498289725,Endothelial_NID1_Malignant_ITGB1
Endothelial,Stroma,NID1,ITGB1,4.807077144537657,Endothelial_NID1_Stroma_ITGB1
Stroma,Tcell,NID1,ITGB1,4.378113502400287,Stroma_NID1_Tcell_ITGB1
Malignant,Stroma,PSEN1,NOTCH3,5.301493090197664,Malignant_PSEN1_Stroma_NOTCH3
Macrophage,Malignant,LGALS9,CD55,3.2789917360701923,Macrophage_LGALS9_Malignant_CD55
Stroma,Malignant,COL6A3,CD55,11.40635846429619,Stroma_COL6A3_Malignant_CD55
Stroma,Tcell,C3,ITGB2,3.866799236078754,Stroma_C3_Tcell_ITGB2
Tcell,Stroma,C3,ITGB2,4.248222201272192,Tcell_C3_Stroma_ITGB2
Stroma,Malignant,COL6A3,NPTN,13.292322315004695,Stroma_COL6A3_Malignant_NPTN
Endothelial,Malignant,NAMPT,ITGB1,5.88567947369708,Endothelial_NAMPT_Malignant_ITGB1
Endothelial,Stroma,NAMPT,ITGB1,5.741239689946685,Endothelial_NAMPT_Stroma_ITGB1
Stroma,Malignant,THY1,NPTN,10.57701365924594,Stroma_THY1_Malignant_NPTN
Stroma,Tcell,THY1,ITGB2,2.764023619423914,Stroma_THY1_Tcell_ITGB2
Stroma,Malignant,LAMA4,CD99,5.498551253760997,Stroma_LAMA4_Malignant_CD99
Stroma,Malignant,LAMA4,CD151,7.404138082741635,Stroma_LAMA4_Malignant_CD151
Stroma,Malignant,LAMA4,ENO1,6.0739074350094135,Stroma_LAMA4_Malignant_ENO1
Stroma,Malignant,COL4A1,NPTN,9.294378464653592,Stroma_COL4A1_Malignant_NPTN
Stroma,Malignant,THY1,CDH1,9.601145487269724,Stroma_THY1_Malignant_CDH1
Endothelial,Malignant,LAMB1,CD44,6.984755777293351,Endothelial_LAMB1_Malignant_CD44
Endothelial,Stroma,LAMB1,CD44,5.929106763769961,Endothelial_LAMB1_Stroma_CD44
Stroma,Malignant,COL4A1,ATP6AP2,9.80998203435054,Stroma_COL4A1_Malignant_ATP6AP2
Stroma,Malignant,LAMA4,CD9,6.034027233479095,Stroma_LAMA4_Malignant_CD9
Macrophage,Malignant,SERPING1,CD55,5.810371405779853,Macrophage_SERPING1_Malignant_CD55
Stroma,Malignant,COL1A1,DAG1,19.65013441052534,Stroma_COL1A1_Malignant_DAG1
Stroma,Tcell,COL18A1,ITGA5,5.856880769633484,Stroma_COL18A1_Tcell_ITGA5
Stroma,Malignant,LAMA4,PLXNB2,5.923007558437045,Stroma_LAMA4_Malignant_PLXNB2
Stroma,Malignant,LAMA4,FLOT1,5.15121124369879,Stroma_LAMA4_Malignant_FLOT1
Stroma,Malignant,LAMA4,PTPRF,5.479562952277471,Stroma_LAMA4_Malignant_PTPRF
Endothelial,Malignant,NID1,PTPRF,6.815202614658658,Endothelial_NID1_Malignant_PTPRF
Stroma,Endothelial,NID1,PTPRF,5.836369208525569,Stroma_NID1_Endothelial_PTPRF
Stroma,Malignant,COL4A1,CDH1,8.495225043628594,Stroma_COL4A1_Malignant_CDH1
Endothelial,Malignant,NID1,ITGAV,6.1720170059949995,Endothelial_NID1_Malignant_ITGAV
Endothelial,Stroma,NID1,ITGAV,3.902219238336774,Endothelial_NID1_Stroma_ITGAV
Stroma,Tcell,NID1,ITGAV,3.320636805922922,Stroma_NID1_Tcell_ITGAV
Bcell,Malignant,VEGFB,RET,4.677092892804006,Bcell_VEGFB_Malignant_RET
Stroma,Malignant,COL6A3,CDH1,12.576634880217938,Stroma_COL6A3_Malignant_CDH1
Macrophage,Malignant,SERPING1,NPTN,8.887749075849184,Macrophage_SERPING1_Malignant_NPTN
Stroma,Malignant,COL4A1,PRLR,7.244681215217181,Stroma_COL4A1_Malignant_PRLR
Stroma,Malignant,LAMA4,APLP2,4.955422375709622,Stroma_LAMA4_Malignant_APLP2
Stroma,Malignant,COL6A3,DAG1,12.006952637183826,Stroma_COL6A3_Malignant_DAG1
Stroma,Malignant,COL4A1,CD55,7.966661555760589,Stroma_COL4A1_Malignant_CD55
Endothelial,Malignant,LAMA4,ITGAV,3.636942976082039,Endothelial_LAMA4_Malignant_ITGAV
Endothelial,Stroma,LAMA4,ITGAV,3.246189911175519,Endothelial_LAMA4_Stroma_ITGAV
Stroma,Tcell,LAMA4,ITGAV,2.8755227303150734,Stroma_LAMA4_Tcell_ITGAV
Endothelial,Malignant,LAMB1,ITGB1,6.509613728481664,Endothelial_LAMB1_Malignant_ITGB1
Endothelial,Stroma,LAMB1,ITGB1,5.854881475586549,Endothelial_LAMB1_Stroma_ITGB1
Stroma,Tcell,LAMB1,ITGB1,5.909297940105112,Stroma_LAMB1_Tcell_ITGB1
Macrophage,Malignant,LGALS9,AMFR,3.53091341965179,Macrophage_LGALS9_Malignant_AMFR
Bcell,Macrophage,SEMA4A,PLXNB2,8.927477801928205,Bcell_SEMA4A_Macrophage_PLXNB2
Bcell,Malignant,SEMA4A,PLXNB2,11.340738359613233,Bcell_SEMA4A_Malignant_PLXNB2
Bcell,Stroma,SEMA4A,PLXNB2,9.133164614944183,Bcell_SEMA4A_Stroma_PLXNB2
Stroma,Malignant,COL4A1,DAG1,8.247796516599054,Stroma_COL4A1_Malignant_DAG1
Bcell,Macrophage,CADM1,CADM1,2.008923621015388,Bcell_CADM1_Macrophage_CADM1
Bcell,Malignant,CADM1,CADM1,3.503328311011047,Bcell_CADM1_Malignant_CADM1
Bcell,Stroma,CADM1,CADM1,2.790741602713016,Bcell_CADM1_Stroma_CADM1
Stroma,Malignant,LAMA4,LAMP1,5.49859818530473,Stroma_LAMA4_Malignant_LAMP1
Malignant,Stroma,MDK,SDC3,3.7385750951668184,Malignant_MDK_Stroma_SDC3
Stroma,Tcell,SPON2,ITGA5,3.849747472629281,Stroma_SPON2_Tcell_ITGA5
Malignant,Stroma,PSEN1,NCSTN,7.199491783647116,Malignant_PSEN1_Stroma_NCSTN
Macrophage,Malignant,TNFSF13,SDC2,4.713463432946225,Macrophage_TNFSF13_Malignant_SDC2
Stroma,Tcell,INHBA,ENG,1.7719763094701195,Stroma_INHBA_Tcell_ENG
Stroma,Malignant,THY1,DAG1,9.527893159954381,Stroma_THY1_Malignant_DAG1
Stroma,Malignant,THY1,CD55,9.465876913361948,Stroma_THY1_Malignant_CD55
Macrophage,Malignant,CXCL12,APLP2,8.032745790541053,Macrophage_CXCL12_Malignant_APLP2
Stroma,Malignant,LAMA4,IL6ST,5.886925525074748,Stroma_LAMA4_Malignant_IL6ST
Macrophage,Endothelial,TNFSF13,TNFRSF14,6.428741579159025,Macrophage_TNFSF13_Endothelial_TNFRSF14
Endothelial,Malignant,LAMA4,CD44,4.685806456195868,Endothelial_LAMA4_Malignant_CD44
Endothelial,Stroma,LAMA4,CD44,4.827011108615238,Endothelial_LAMA4_Stroma_CD44
Stroma,Malignant,LAMA4,CD44,5.445838772572904,Stroma_LAMA4_Malignant_CD44
Endothelial,Malignant,LAMB1,ITGAV,7.6589930598818725,Endothelial_LAMB1_Malignant_ITGAV
Endothelial,Stroma,LAMB1,ITGAV,4.455752097516279,Endothelial_LAMB1_Stroma_ITGAV
Stroma,Tcell,LAMB1,ITGAV,4.434775521266167,Stroma_LAMB1_Tcell_ITGAV
Endothelial,Malignant,LAMA4,ITGB4,3.5793450778256584,Endothelial_LAMA4_Malignant_ITGB4
Endothelial,Stroma,LAMA4,ITGB4,3.1504948152137664,Endothelial_LAMA4_Stroma_ITGB4
Stroma,Tcell,LAMA4,ITGB4,3.3605343611503664,Stroma_LAMA4_Tcell_ITGB4
Stroma,Malignant,LAMA4,SDC4,4.941951048609214,Stroma_LAMA4_Malignant_SDC4
Endothelial,Malignant,LAMB1,ITGB4,6.104497162861247,Endothelial_LAMB1_Malignant_ITGB4
Endothelial,Stroma,LAMB1,ITGB4,4.3512045654018,Endothelial_LAMB1_Stroma_ITGB4
Stroma,Tcell,LAMB1,ITGB4,4.5324770316736425,Stroma_LAMB1_Tcell_ITGB4
Stroma,Malignant,COL4A2,ALCAM,7.710705280640096,Stroma_COL4A2_Malignant_ALCAM
Stroma,Malignant,LAMA4,APP,5.36855276766004,Stroma_LAMA4_Malignant_APP
Malignant,Bcell,SEMA3C,CD74,7.236331489892279,Malignant_SEMA3C_Bcell_CD74
Malignant,Endothelial,SEMA3C,CD74,5.525918286035201,Malignant_SEMA3C_Endothelial_CD74
Malignant,Macrophage,SEMA3C,CD74,6.41322577143148,Malignant_SEMA3C_Macrophage_CD74
Malignant,Tcell,SEMA3C,CD74,6.626781249991463,Malignant_SEMA3C_Tcell_CD74
Endothelial,Malignant,JAG1,NOTCH2,3.393388201220682,Endothelial_JAG1_Malignant_NOTCH2
Endothelial,Stroma,JAG1,NOTCH2,3.1740775301751403,Endothelial_JAG1_Stroma_NOTCH2
Macrophage,Malignant,CXCL12,PTPRF,9.00517628997605,Macrophage_CXCL12_Malignant_PTPRF
Macrophage,Malignant,CXCL12,LAMP1,8.871200535110312,Macrophage_CXCL12_Malignant_LAMP1
Malignant,Macrophage,SEMA3C,CD81,5.198603109007915,Malignant_SEMA3C_Macrophage_CD81
Malignant,Stroma,SEMA3C,CD81,5.95034086786291,Malignant_SEMA3C_Stroma_CD81
Macrophage,Malignant,SERPING1,DAG1,7.935724599965277,Macrophage_SERPING1_Malignant_DAG1
Stroma,Malignant,THY1,PRLR,8.642317289053208,Stroma_THY1_Malignant_PRLR
Stroma,Malignant,LAMA4,ERBB2,5.6018125698007735,Stroma_LAMA4_Malignant_ERBB2
Endothelial,Malignant,JAG1,NOTCH3,5.6205899490403155,Endothelial_JAG1_Malignant_NOTCH3
Endothelial,Stroma,JAG1,NOTCH3,2.556063806125708,Endothelial_JAG1_Stroma_NOTCH3
Stroma,Tcell,EDIL3,ITGB5,4.313569987801069,Stroma_EDIL3_Tcell_ITGB5
Endothelial,Malignant,CXCL12,SDC4,6.58933540572801,Endothelial_CXCL12_Malignant_SDC4
Macrophage,Malignant,CXCL12,SDC4,8.08783389856915,Macrophage_CXCL12_Malignant_SDC4
Tcell,Stroma,CXCL12,SDC4,7.343232866231396,Tcell_CXCL12_Stroma_SDC4
Macrophage,Malignant,CXCL12,IL6ST,9.807359037987863,Macrophage_CXCL12_Malignant_IL6ST
Stroma,Malignant,LAMA4,ERBB3,4.703809046886914,Stroma_LAMA4_Malignant_ERBB3
Endothelial,Malignant,JAG2,NOTCH2,2.9085708332770777,Endothelial_JAG2_Malignant_NOTCH2
Endothelial,Stroma,JAG2,NOTCH2,4.11995026218839,Endothelial_JAG2_Stroma_NOTCH2
Malignant,Stroma,JAG2,NOTCH2,3.673463209622323,Malignant_JAG2_Stroma_NOTCH2
Bcell,Macrophage,SEMA4A,PLXNB1,5.706863156214034,Bcell_SEMA4A_Macrophage_PLXNB1
Bcell,Malignant,SEMA4A,PLXNB1,8.008462575737738,Bcell_SEMA4A_Malignant_PLXNB1
Bcell,Stroma,SEMA4A,PLXNB1,6.679980023478158,Bcell_SEMA4A_Stroma_PLXNB1
Stroma,Malignant,COL4A2,CDH1,7.50632525263694,Stroma_COL4A2_Malignant_CDH1
Macrophage,Malignant,CXCL12,ERBB2,9.131071131398015,Macrophage_CXCL12_Malignant_ERBB2
Endothelial,Malignant,CXCL12,ITGAV,6.353186251949977,Endothelial_CXCL12_Malignant_ITGAV
Endothelial,Stroma,CXCL12,ITGAV,5.616480047544813,Endothelial_CXCL12_Stroma_ITGAV
Stroma,Tcell,CXCL12,ITGAV,6.705958660227175,Stroma_CXCL12_Tcell_ITGAV
Tcell,Stroma,CXCL12,ITGAV,5.403321082697443,Tcell_CXCL12_Stroma_ITGAV
Macrophage,Malignant,CXCL12,ALCAM,7.154229280310673,Macrophage_CXCL12_Malignant_ALCAM
Tcell,Bcell,HLA-F,CD74,7.278686311938835,Tcell_HLA-F_Bcell_CD74
Tcell,Endothelial,HLA-F,CD74,7.693066945750189,Tcell_HLA-F_Endothelial_CD74
Tcell,Macrophage,HLA-F,CD74,6.235653029286181,Tcell_HLA-F_Macrophage_CD74
Tcell,Malignant,HLA-F,CD74,4.809083282431932,Tcell_HLA-F_Malignant_CD74
Macrophage,Malignant,CXCL12,ATP6AP2,7.736109590710128,Macrophage_CXCL12_Malignant_ATP6AP2
Tcell,Malignant,HLA-F,CD9,3.959331272930666,Tcell_HLA-F_Malignant_CD9
Stroma,Malignant,COL4A1,AMFR,6.3267036439158275,Stroma_COL4A1_Malignant_AMFR
Tcell,Malignant,HLA-F,ITGB1,3.1318935231579186,Tcell_HLA-F_Malignant_ITGB1
Tcell,Malignant,HLA-F,CD63,4.658217733381465,Tcell_HLA-F_Malignant_CD63
Tcell,Macrophage,HLA-F,CD81,5.004130721387656,Tcell_HLA-F_Macrophage_CD81
Tcell,Malignant,HLA-F,CD81,3.927738579955753,Tcell_HLA-F_Malignant_CD81
Tcell,Stroma,HLA-F,CD81,5.249650396149374,Tcell_HLA-F_Stroma_CD81
Stroma,Malignant,COL4A2,CD55,7.2122850290697365,Stroma_COL4A2_Malignant_CD55
Tcell,Malignant,HLA-F,CD151,4.992323726523711,Tcell_HLA-F_Malignant_CD151
Stroma,Malignant,LAMA4,ALCAM,4.070065426324166,Stroma_LAMA4_Malignant_ALCAM
Endothelial,Malignant,JAG2,NOTCH3,3.760253967638498,Endothelial_JAG2_Malignant_NOTCH3
Endothelial,Stroma,JAG2,NOTCH3,3.201138561304668,Endothelial_JAG2_Stroma_NOTCH3
Malignant,Stroma,JAG2,NOTCH3,3.541216497792993,Malignant_JAG2_Stroma_NOTCH3
Tcell,Malignant,HLA-F,CD99,3.461449004609799,Tcell_HLA-F_Malignant_CD99
Stroma,Malignant,COL6A3,AMFR,8.84314931617361,Stroma_COL6A3_Malignant_AMFR
Tcell,Malignant,HLA-F,APP,3.3065513917724494,Tcell_HLA-F_Malignant_APP
Tcell,Malignant,HLA-F,ENO1,3.8234965643083676,Tcell_HLA-F_Malignant_ENO1
Tcell,Malignant,HLA-F,PLXNB2,3.9889416860693503,Tcell_HLA-F_Malignant_PLXNB2
Tcell,Malignant,HLA-F,CD44,3.1579205896462814,Tcell_HLA-F_Malignant_CD44
Tcell,Malignant,HLA-F,FLOT1,3.251953235136695,Tcell_HLA-F_Malignant_FLOT1
Tcell,Malignant,HLA-F,SDC1,3.3580950237886253,Tcell_HLA-F_Malignant_SDC1
Tcell,Malignant,HLA-F,SDC4,3.411288452057613,Tcell_HLA-F_Malignant_SDC4
Bcell,Macrophage,TGFB1,SDC2,3.4170263588336365,Bcell_TGFB1_Macrophage_SDC2
Bcell,Malignant,TGFB1,SDC2,4.1821863834981405,Bcell_TGFB1_Malignant_SDC2
Bcell,Stroma,TGFB1,SDC2,2.0805355656082463,Bcell_TGFB1_Stroma_SDC2
Macrophage,Malignant,TGFB1,SDC2,3.146858629473375,Macrophage_TGFB1_Malignant_SDC2
Tcell,Malignant,TGFB1,SDC2,2.8275014335706627,Tcell_TGFB1_Malignant_SDC2
Tcell,Stroma,TGFB1,SDC2,2.35497221575626,Tcell_TGFB1_Stroma_SDC2
Macrophage,Malignant,CXCL12,ERBB3,8.29326850932387,Macrophage_CXCL12_Malignant_ERBB3
Tcell,Malignant,HLA-F,ERBB2,3.4800092248355345,Tcell_HLA-F_Malignant_ERBB2
Tcell,Malignant,HLA-F,LAMP1,3.6576324642129743,Tcell_HLA-F_Malignant_LAMP1
Tcell,Malignant,HLA-F,PTPRF,3.627362145444977,Tcell_HLA-F_Malignant_PTPRF
Tcell,Malignant,HLA-F,IL6ST,3.8647480733255293,Tcell_HLA-F_Malignant_IL6ST
Tcell,Malignant,HLA-F,ALCAM,2.9502060684279705,Tcell_HLA-F_Malignant_ALCAM
Stroma,Malignant,LAMA4,NPTN,4.662196701888144,Stroma_LAMA4_Malignant_NPTN
Stroma,Malignant,LAMA4,CDH1,3.997560176686224,Stroma_LAMA4_Malignant_CDH1
Tcell,Malignant,HLA-F,ATP6AP2,3.059855698950712,Tcell_HLA-F_Malignant_ATP6AP2
Tcell,Malignant,HLA-F,ERBB3,2.559407038963831,Tcell_HLA-F_Malignant_ERBB3
Stroma,Malignant,COL4A2,NPTN,8.465043728236266,Stroma_COL4A2_Malignant_NPTN
Tcell,Malignant,HLA-F,APLP2,3.2327797032836902,Tcell_HLA-F_Malignant_APLP2
Tcell,Malignant,HLA-F,GFRA1,3.1287155242138116,Tcell_HLA-F_Malignant_GFRA1
Macrophage,Malignant,CXCL12,CDH1,6.135892410533451,Macrophage_CXCL12_Malignant_CDH1
Macrophage,Malignant,SERPING1,PRLR,7.442921654192585,Macrophage_SERPING1_Malignant_PRLR
Malignant,Macrophage,SEMA3C,TYROBP,2.2578789849336025,Malignant_SEMA3C_Macrophage_TYROBP
Tcell,Malignant,HLA-F,NPTN,2.717360281098541,Tcell_HLA-F_Malignant_NPTN
Bcell,Macrophage,SEMA4A,PLXNA3,4.176700879937713,Bcell_SEMA4A_Macrophage_PLXNA3
Bcell,Malignant,SEMA4A,PLXNA3,4.941499642399442,Bcell_SEMA4A_Malignant_PLXNA3
Bcell,Stroma,SEMA4A,PLXNA3,4.59456371913411,Bcell_SEMA4A_Stroma_PLXNA3
Macrophage,Malignant,CXCL12,CD55,5.1550888739078475,Macrophage_CXCL12_Malignant_CD55
Macrophage,Malignant,SERPING1,AMFR,6.445748181882612,Macrophage_SERPING1_Malignant_AMFR
Stroma,Tcell,FBN1,ITGA5,4.99370657207395,Stroma_FBN1_Tcell_ITGA5
Macrophage,Malignant,CXCL12,NPTN,7.799549879061024,Macrophage_CXCL12_Malignant_NPTN
Macrophage,Malignant,CXCL12,DAG1,7.18767771584697,Macrophage_CXCL12_Malignant_DAG1
Tcell,Malignant,HLA-F,CD55,1.7546903095599227,Tcell_HLA-F_Malignant_CD55
Tcell,Malignant,HLA-F,PRLR,2.2940521625801633,Tcell_HLA-F_Malignant_PRLR
Stroma,Malignant,LAMA4,CD55,3.742690138290278,Stroma_LAMA4_Malignant_CD55
Stroma,Malignant,LAMA4,SDC1,5.592057558044092,Stroma_LAMA4_Malignant_SDC1
Tcell,Malignant,HLA-F,CDH1,2.5220649643308333,Tcell_HLA-F_Malignant_CDH1
Tcell,Malignant,HLA-F,DAG1,2.3200708626750157,Tcell_HLA-F_Malignant_DAG1
Macrophage,Malignant,CXCL12,SDC1,8.36285403424315,Macrophage_CXCL12_Malignant_SDC1
Stroma,Tcell,SPON2,ITGB2,3.5429784456191844,Stroma_SPON2_Tcell_ITGB2
Stroma,Malignant,LAMA4,ATP6AP2,4.922776933433779,Stroma_LAMA4_Malignant_ATP6AP2
Stroma,Malignant,LAMA4,DAG1,3.9871592486033647,Stroma_LAMA4_Malignant_DAG1
Stroma,Malignant,COL4A2,PRLR,6.815390462099265,Stroma_COL4A2_Malignant_PRLR
Tcell,Macrophage,HLA-F,TYROBP,2.2612266832514365,Tcell_HLA-F_Macrophage_TYROBP
Bcell,Endothelial,TGFB1,TGFBR1,1.2717258187887404,Bcell_TGFB1_Endothelial_TGFBR1
Bcell,Macrophage,TGFB1,TGFBR1,2.0451205792857086,Bcell_TGFB1_Macrophage_TGFBR1
Stroma,Tcell,TGFB1,TGFBR1,1.5757726237257745,Stroma_TGFB1_Tcell_TGFBR1
Macrophage,Malignant,CXCL12,PRLR,6.446909730602179,Macrophage_CXCL12_Malignant_PRLR
Stroma,Malignant,LAMA4,GFRA1,5.945825160685579,Stroma_LAMA4_Malignant_GFRA1
Stroma,Tcell,COMP,ITGA5,6.221426650218788,Stroma_COMP_Tcell_ITGA5
Endothelial,Malignant,NAMPT,ITGA5,2.002629800278628,Endothelial_NAMPT_Malignant_ITGA5
Endothelial,Stroma,NAMPT,ITGA5,2.7648636697832747,Endothelial_NAMPT_Stroma_ITGA5
Stroma,Tcell,TGFB3,ENG,3.566175928508746,Stroma_TGFB3_Tcell_ENG
Tcell,Malignant,TGFB3,ENG,4.725089477469698,Tcell_TGFB3_Malignant_ENG
Tcell,Stroma,TGFB3,ENG,3.3567202989776757,Tcell_TGFB3_Stroma_ENG
Stroma,Malignant,COL4A2,AMFR,5.668647377464604,Stroma_COL4A2_Malignant_AMFR
Endothelial,Malignant,NAMPT,INSR,2.93452712829438,Endothelial_NAMPT_Malignant_INSR
Malignant,Stroma,UBA52,NOTCH1,5.685098232316433,Malignant_UBA52_Stroma_NOTCH1
Malignant,Macrophage,COL9A2,TYROBP,6.483561218577059,Malignant_COL9A2_Macrophage_TYROBP
Stroma,Malignant,COL1A1,RAMP1,7.419509486941789,Stroma_COL1A1_Malignant_RAMP1
Stroma,Malignant,COL6A3,RAMP1,4.202854607278885,Stroma_COL6A3_Malignant_RAMP1
Stroma,Malignant,THY1,AMFR,7.670324282650545,Stroma_THY1_Malignant_AMFR
Macrophage,Malignant,GAS6,RAMP1,1.9108606461527775,Macrophage_GAS6_Malignant_RAMP1
Stroma,Malignant,COL4A2,DAG1,8.019076028995551,Stroma_COL4A2_Malignant_DAG1
Stroma,Malignant,THY1,RAMP1,3.4980782169585987,Stroma_THY1_Malignant_RAMP1
Stroma,Malignant,LAMA4,PRLR,3.6600571949370866,Stroma_LAMA4_Malignant_PRLR
Stroma,Malignant,COL4A1,RAMP1,3.015864237307961,Stroma_COL4A1_Malignant_RAMP1
Macrophage,Malignant,SERPING1,RAMP1,2.9408039253228084,Macrophage_SERPING1_Malignant_RAMP1
Macrophage,Malignant,CXCL12,AMFR,5.656687815837063,Macrophage_CXCL12_Malignant_AMFR
Endothelial,Malignant,ADAM17,ITGB1,3.686680739833684,Endothelial_ADAM17_Malignant_ITGB1
Endothelial,Stroma,ADAM17,ITGB1,3.756787029071569,Endothelial_ADAM17_Stroma_ITGB1
Stroma,Malignant,LAMA4,AMFR,3.1519483128249415,Stroma_LAMA4_Malignant_AMFR
Stroma,Tcell,FN1,ITGA6,6.170885176072781,Stroma_FN1_Tcell_ITGA6
Stroma,Tcell,COL6A1,ITGA6,4.631007413343495,Stroma_COL6A1_Tcell_ITGA6
Endothelial,Malignant,VWF,CD63,6.298273237032756,Endothelial_VWF_Malignant_CD63
Stroma,Tcell,C3,NRP1,3.1966655360359026,Stroma_C3_Tcell_NRP1
Tcell,Macrophage,C3,NRP1,5.146732965436442,Tcell_C3_Macrophage_NRP1
Tcell,Stroma,C3,NRP1,4.277891378388222,Tcell_C3_Stroma_NRP1
Endothelial,Bcell,VWF,CD74,7.08335028640526,Endothelial_VWF_Bcell_CD74
Endothelial,Macrophage,VWF,CD74,8.08474936714264,Endothelial_VWF_Macrophage_CD74
Endothelial,Malignant,VWF,CD74,6.451810824143626,Endothelial_VWF_Malignant_CD74
Endothelial,Tcell,VWF,CD74,7.864535475623516,Endothelial_VWF_Tcell_CD74
Stroma,Tcell,THBS1,ITGA6,3.3295326082595937,Stroma_THBS1_Tcell_ITGA6
Endothelial,Malignant,LAMC1,ITGA6,3.3177856818955775,Endothelial_LAMC1_Malignant_ITGA6
Stroma,Tcell,LAMC1,ITGA6,2.653108613105147,Stroma_LAMC1_Tcell_ITGA6
Stroma,Tcell,THBS2,ITGA6,2.6367662562705463,Stroma_THBS2_Tcell_ITGA6
Tcell,Malignant,HLA-F,AMFR,1.0974156195940643,Tcell_HLA-F_Malignant_AMFR
Stroma,Tcell,PDGFB,ITGAV,2.41258942043815,Stroma_PDGFB_Tcell_ITGAV
Stroma,Tcell,TGFB3,TGFBR1,1.5014761629254127,Stroma_TGFB3_Tcell_TGFBR1
Bcell,Macrophage,SEMA4A,PLXNA1,2.025079381467686,Bcell_SEMA4A_Macrophage_PLXNA1
Bcell,Malignant,SEMA4A,PLXNA1,2.1278564300326512,Bcell_SEMA4A_Malignant_PLXNA1
Bcell,Stroma,SEMA4A,PLXNA1,1.8598350186181836,Bcell_SEMA4A_Stroma_PLXNA1
Stroma,Malignant,COL4A2,RAMP1,2.944942708384791,Stroma_COL4A2_Malignant_RAMP1
Endothelial,Malignant,CXCL12,CXCR4,0.6254348725784249,Endothelial_CXCL12_Malignant_CXCR4
Stroma,Tcell,CXCL12,CXCR4,1.187906332273346,Stroma_CXCL12_Tcell_CXCR4
Bcell,Macrophage,TGFB1,CXCR4,2.110402506454157,Bcell_TGFB1_Macrophage_CXCR4
Bcell,Malignant,TGFB1,CXCR4,1.736832689764107,Bcell_TGFB1_Malignant_CXCR4
Stroma,Tcell,TGFB1,CXCR4,0.8338942659570235,Stroma_TGFB1_Tcell_CXCR4
Stroma,Tcell,ADAM12,ITGB1,5.915767256275266,Stroma_ADAM12_Tcell_ITGB1
Bcell,Macrophage,ICAM3,ITGB2,1.2807642173947722,Bcell_ICAM3_Macrophage_ITGB2
Bcell,Malignant,ICAM3,ITGB2,1.6262065960374417,Bcell_ICAM3_Malignant_ITGB2
Bcell,Stroma,ICAM3,ITGB2,1.6028835476332803,Bcell_ICAM3_Stroma_ITGB2
Tcell,Stroma,ICAM3,ITGB2,1.5745634650060036,Tcell_ICAM3_Stroma_ITGB2
Endothelial,Malignant,CXCL12,ITGA5,5.083235911151328,Endothelial_CXCL12_Malignant_ITGA5
Endothelial,Stroma,CXCL12,ITGA5,3.7133137761817463,Endothelial_CXCL12_Stroma_ITGA5
Macrophage,Endothelial,CXCL12,ITGA5,4.322339917816813,Macrophage_CXCL12_Endothelial_ITGA5
Stroma,Tcell,CXCL12,ITGA5,3.94611130325808,Stroma_CXCL12_Tcell_ITGA5
Tcell,Malignant,CXCL12,ITGA5,5.13561108828376,Tcell_CXCL12_Malignant_ITGA5
Tcell,Stroma,CXCL12,ITGA5,3.746062431152678,Tcell_CXCL12_Stroma_ITGA5
Bcell,Macrophage,VEGFB,NRP1,4.065366015059023,Bcell_VEGFB_Macrophage_NRP1
Bcell,Malignant,VEGFB,NRP1,5.575065517522997,Bcell_VEGFB_Malignant_NRP1
Bcell,Stroma,VEGFB,NRP1,2.916127340667205,Bcell_VEGFB_Stroma_NRP1
Stroma,Tcell,VEGFB,NRP1,2.7729074432656327,Stroma_VEGFB_Tcell_NRP1
Stroma,Tcell,PLAU,ITGB1,6.304899500379366,Stroma_PLAU_Tcell_ITGB1
Endothelial,Malignant,VWF,CD9,4.800426357194541,Endothelial_VWF_Malignant_CD9
Endothelial,Malignant,LAMB1,ITGA6,2.03164826842289,Endothelial_LAMB1_Malignant_ITGA6
Stroma,Tcell,LAMB1,ITGA6,1.384588537253904,Stroma_LAMB1_Tcell_ITGA6
Endothelial,Malignant,VWF,CD151,6.941124616629261,Endothelial_VWF_Malignant_CD151
Bcell,Macrophage,TGFB1,ACVR1,2.169153232457783,Bcell_TGFB1_Macrophage_ACVR1
Tcell,Stroma,TGFB1,ACVR1,1.7903282501860718,Tcell_TGFB1_Stroma_ACVR1
Endothelial,Malignant,VWF,PLXNB2,5.322122109815774,Endothelial_VWF_Malignant_PLXNB2
Endothelial,Malignant,VWF,APP,4.422494204565653,Endothelial_VWF_Malignant_APP
Endothelial,Malignant,LAMA4,ITGA6,0.8814487226963211,Endothelial_LAMA4_Malignant_ITGA6
Stroma,Tcell,LAMA4,ITGA6,0.9236709628542764,Stroma_LAMA4_Tcell_ITGA6
Endothelial,Malignant,VWF,APLP2,4.234304107901098,Endothelial_VWF_Malignant_APLP2
Bcell,Endothelial,TGFB1,TGFBR2,1.8112351971964251,Bcell_TGFB1_Endothelial_TGFBR2
Bcell,Macrophage,TGFB1,TGFBR2,1.962192093714706,Bcell_TGFB1_Macrophage_TGFBR2
Stroma,Tcell,TGFB1,TGFBR2,1.3687157327333184,Stroma_TGFB1_Tcell_TGFBR2
Stroma,Tcell,COL1A2,ITGA1,5.709273903885983,Stroma_COL1A2_Tcell_ITGA1
Macrophage,Malignant,LGALS9,RAMP1,1.683242577607901,Macrophage_LGALS9_Malignant_RAMP1
Stroma,Tcell,COL1A1,ITGA1,5.621704692910598,Stroma_COL1A1_Tcell_ITGA1
Endothelial,Malignant,VWF,PTPRF,4.732071462096495,Endothelial_VWF_Malignant_PTPRF
Stroma,Tcell,PLAU,ITGAV,4.997273280084411,Stroma_PLAU_Tcell_ITGAV
Stroma,Tcell,COL6A2,ITGA1,4.745845500350539,Stroma_COL6A2_Tcell_ITGA1
Endothelial,Malignant,VWF,FLOT1,4.361254855619455,Endothelial_VWF_Malignant_FLOT1
Stroma,Tcell,COL7A1,ITGB1,3.0270035501138186,Stroma_COL7A1_Tcell_ITGB1
Macrophage,Endothelial,PLAU,ITGB5,7.440312309299261,Macrophage_PLAU_Endothelial_ITGB5
Stroma,Tcell,PLAU,ITGB5,5.524464999066149,Stroma_PLAU_Tcell_ITGB5
Stroma,Tcell,SORBS1,ITGB5,3.203496971553975,Stroma_SORBS1_Tcell_ITGB5
Macrophage,Malignant,CXCL12,RAMP1,2.655863804229431,Macrophage_CXCL12_Malignant_RAMP1
Stroma,Tcell,THBS4,ITGAV,3.034854994932644,Stroma_THBS4_Tcell_ITGAV
Endothelial,Malignant,VWF,CD44,4.880423812032701,Endothelial_VWF_Malignant_CD44
Endothelial,Malignant,ADAM17,ITGA5,1.4763131092177628,Endothelial_ADAM17_Malignant_ITGA5
Endothelial,Stroma,ADAM17,ITGA5,1.6371365225222996,Endothelial_ADAM17_Stroma_ITGA5
Endothelial,Malignant,VWF,ERBB3,2.9675463126513817,Endothelial_VWF_Malignant_ERBB3
Stroma,Tcell,GAS6,AXL,1.79198229307946,Stroma_GAS6_Tcell_AXL
Tcell,Malignant,GAS6,AXL,2.9220893650358555,Tcell_GAS6_Malignant_AXL
Tcell,Stroma,GAS6,AXL,2.0114216275715147,Tcell_GAS6_Stroma_AXL
Stroma,Tcell,PLAU,MRC2,3.7430466609336586,Stroma_PLAU_Tcell_MRC2
Stroma,Tcell,COL5A2,ITGA1,3.70900037297747,Stroma_COL5A2_Tcell_ITGA1
Bcell,Endothelial,TGFB1,CAV1,1.062401519941574,Bcell_TGFB1_Endothelial_CAV1
Bcell,Macrophage,TGFB1,CAV1,2.689612367416327,Bcell_TGFB1_Macrophage_CAV1
Bcell,Stroma,TGFB1,CAV1,1.654179890188846,Bcell_TGFB1_Stroma_CAV1
Stroma,Tcell,CSPG4,ITGB1,3.3338001352136803,Stroma_CSPG4_Tcell_ITGB1
Endothelial,Malignant,VWF,ITGAV,4.662466564542783,Endothelial_VWF_Malignant_ITGAV
Endothelial,Stroma,VWF,ITGAV,4.372299790552482,Endothelial_VWF_Stroma_ITGAV
Stroma,Tcell,COL6A3,ITGA1,3.594732361305248,Stroma_COL6A3_Tcell_ITGA1
Stroma,Tcell,THBS4,ITGB1,4.572899331810172,Stroma_THBS4_Tcell_ITGB1
Stroma,Macrophage,LAMA4,TYROBP,2.8726774577977747,Stroma_LAMA4_Macrophage_TYROBP
Endothelial,Stroma,LAMC1,ITGA1,2.836808085952225,Endothelial_LAMC1_Stroma_ITGA1
Stroma,Tcell,LAMC1,ITGA1,2.4756180122767004,Stroma_LAMC1_Tcell_ITGA1
Endothelial,Malignant,VWF,IL6ST,4.846612937118658,Endothelial_VWF_Malignant_IL6ST
Malignant,Stroma,PSEN1,NOTCH1,2.241855038217717,Malignant_PSEN1_Stroma_NOTCH1
Endothelial,Malignant,VWF,ERBB2,4.872737730555209,Endothelial_VWF_Malignant_ERBB2
Stroma,Tcell,THBS4,SDC1,4.301615002005217,Stroma_THBS4_Tcell_SDC1
Bcell,Macrophage,SEMA4A,NRP1,3.2068533898796785,Bcell_SEMA4A_Macrophage_NRP1
Bcell,Malignant,SEMA4A,NRP1,5.7164150967054725,Bcell_SEMA4A_Malignant_NRP1
Bcell,Stroma,SEMA4A,NRP1,2.3504709736895775,Bcell_SEMA4A_Stroma_NRP1
Stroma,Tcell,TNC,ITGB1,3.537526559414529,Stroma_TNC_Tcell_ITGB1
Tcell,Stroma,TGFB3,ACVR1,1.2916266133760388,Tcell_TGFB3_Stroma_ACVR1
Stroma,Malignant,LAMA4,RAMP1,1.4044970837065198,Stroma_LAMA4_Malignant_RAMP1
Endothelial,Malignant,VWF,GFRA1,3.74065286801335,Endothelial_VWF_Malignant_GFRA1
Stroma,Tcell,COL5A1,ITGA1,3.660588831443492,Stroma_COL5A1_Tcell_ITGA1
Stroma,Tcell,COL6A1,ITGA1,4.329157539147645,Stroma_COL6A1_Tcell_ITGA1
Tcell,Stroma,CSF1,CSF1R,1.3652106716910066,Tcell_CSF1_Stroma_CSF1R
Stroma,Tcell,TGFB3,TGFBR2,1.1082401722562403,Stroma_TGFB3_Tcell_TGFBR2
Endothelial,Malignant,EFNB1,ERBB2,3.114451824303867,Endothelial_EFNB1_Malignant_ERBB2
Endothelial,Stroma,EFNB1,ERBB2,3.381894760672663,Endothelial_EFNB1_Stroma_ERBB2
Stroma,Tcell,EFNB1,ERBB2,3.364825510619262,Stroma_EFNB1_Tcell_ERBB2
Endothelial,Malignant,VWF,ALCAM,4.509653755157127,Endothelial_VWF_Malignant_ALCAM
Stroma,Tcell,SPON1,APP,3.987201063967632,Stroma_SPON1_Tcell_APP
Endothelial,Malignant,ANGPTL2,ITGB1,4.284610054120533,Endothelial_ANGPTL2_Malignant_ITGB1
Endothelial,Stroma,ANGPTL2,ITGB1,3.740797381980563,Endothelial_ANGPTL2_Stroma_ITGB1
Stroma,Tcell,ANGPTL2,ITGB1,3.6426583393603638,Stroma_ANGPTL2_Tcell_ITGB1
Macrophage,Endothelial,PLAU,ITGA5,3.6814259253777597,Macrophage_PLAU_Endothelial_ITGA5
Stroma,Tcell,PLAU,ITGA5,3.006599323806026,Stroma_PLAU_Tcell_ITGA5
Endothelial,Malignant,VWF,NPTN,4.327135609791111,Endothelial_VWF_Malignant_NPTN
Endothelial,Malignant,JAG2,NOTCH1,1.4726226042160153,Endothelial_JAG2_Malignant_NOTCH1
Endothelial,Stroma,JAG2,NOTCH1,2.1369572405317188,Endothelial_JAG2_Stroma_NOTCH1
Malignant,Stroma,JAG2,NOTCH1,1.4877468058371606,Malignant_JAG2_Stroma_NOTCH1
Endothelial,Malignant,VWF,ITGB1,7.180291783731565,Endothelial_VWF_Malignant_ITGB1
Endothelial,Malignant,VWF,SDC4,5.548707672568494,Endothelial_VWF_Malignant_SDC4
Endothelial,Malignant,VWF,CDH1,3.438266679660968,Endothelial_VWF_Malignant_CDH1
Endothelial,Malignant,VWF,PRLR,1.9020476232309065,Endothelial_VWF_Malignant_PRLR
Macrophage,Endothelial,C3,IFITM1,3.876458616471933,Macrophage_C3_Endothelial_IFITM1
Stroma,Tcell,C3,IFITM1,4.689459016049239,Stroma_C3_Tcell_IFITM1
Tcell,Malignant,C3,IFITM1,2.940142280701135,Tcell_C3_Malignant_IFITM1
Tcell,Stroma,C3,IFITM1,4.409985700822421,Tcell_C3_Stroma_IFITM1
Endothelial,Stroma,LAMB1,ITGA1,1.7018130367729156,Endothelial_LAMB1_Stroma_ITGA1
Stroma,Tcell,LAMB1,ITGA1,1.786013029287977,Stroma_LAMB1_Tcell_ITGA1
Tcell,Malignant,HLA-F,RAMP1,0.8136494356166911,Tcell_HLA-F_Malignant_RAMP1
Endothelial,Malignant,VWF,CD55,3.619083965953456,Endothelial_VWF_Malignant_CD55
Stroma,Tcell,PLAU,ITGB2,2.432304538719052,Stroma_PLAU_Tcell_ITGB2
Endothelial,Malignant,VWF,ATP6AP2,3.1963844521120555,Endothelial_VWF_Malignant_ATP6AP2
Stroma,Tcell,F13A1,ITGB1,3.7634966469468973,Stroma_F13A1_Tcell_ITGB1
Tcell,Malignant,CLCF1,IL6ST,5.446255973351253,Tcell_CLCF1_Malignant_IL6ST
Tcell,Stroma,CLCF1,IL6ST,4.186255278700837,Tcell_CLCF1_Stroma_IL6ST
Endothelial,Malignant,VWF,CD99,6.681807390032646,Endothelial_VWF_Malignant_CD99
Endothelial,Malignant,VWF,LAMP1,6.034443359261484,Endothelial_VWF_Malignant_LAMP1
Endothelial,Malignant,PLEKHO2,PDGFRB,1.5206522172412005,Endothelial_PLEKHO2_Malignant_PDGFRB
Tcell,Stroma,PLEKHO2,PDGFRB,1.5603691352569127,Tcell_PLEKHO2_Stroma_PDGFRB
Stroma,Tcell,COL4A2,ITGA1,2.570137807670163,Stroma_COL4A2_Tcell_ITGA1
Stroma,Tcell,COL4A1,ITGA1,3.1838971179894617,Stroma_COL4A1_Tcell_ITGA1
Stroma,Tcell,SERPINE1,ITGB5,2.420881371166244,Stroma_SERPINE1_Tcell_ITGB5
Endothelial,Malignant,VWF,SDC1,7.214701957947041,Endothelial_VWF_Malignant_SDC1
Endothelial,Macrophage,VWF,CD81,8.87832355569286,Endothelial_VWF_Macrophage_CD81
Endothelial,Malignant,VWF,CD81,8.506446228317921,Endothelial_VWF_Malignant_CD81
Endothelial,Stroma,VWF,CD81,7.540040157288604,Endothelial_VWF_Stroma_CD81
Endothelial,Malignant,VWF,ENO1,7.452766798771126,Endothelial_VWF_Malignant_ENO1
Stroma,Tcell,SERPINE1,ITGAV,1.896746960432646,Stroma_SERPINE1_Tcell_ITGAV
Endothelial,Malignant,VWF,DAG1,3.0175414811429917,Endothelial_VWF_Malignant_DAG1
Endothelial,Malignant,ANGPTL2,ITGA5,5.564990164888342,Endothelial_ANGPTL2_Malignant_ITGA5
Endothelial,Stroma,ANGPTL2,ITGA5,1.8389812876834288,Endothelial_ANGPTL2_Stroma_ITGA5
Macrophage,Endothelial,ANGPTL2,ITGA5,1.5166252518773855,Macrophage_ANGPTL2_Endothelial_ITGA5
Stroma,Tcell,ANGPTL2,ITGA5,1.809138969660546,Stroma_ANGPTL2_Tcell_ITGA5
Stroma,Tcell,TNC,SDC1,3.88407679711452,Stroma_TNC_Tcell_SDC1
Endothelial,Malignant,ADAM17,NOTCH1,1.2170807338559493,Endothelial_ADAM17_Malignant_NOTCH1
Endothelial,Stroma,ADAM17,NOTCH1,1.4539518374914915,Endothelial_ADAM17_Stroma_NOTCH1
Malignant,Stroma,ADAM17,NOTCH1,0.9126781783752171,Malignant_ADAM17_Stroma_NOTCH1
Endothelial,Macrophage,VWF,TYROBP,3.9337109914946535,Endothelial_VWF_Macrophage_TYROBP
Bcell,Macrophage,ICAM3,ITGAL,0.7898604555611565,Bcell_ICAM3_Macrophage_ITGAL
Bcell,Malignant,ICAM3,ITGAL,0.7054468964396743,Bcell_ICAM3_Malignant_ITGAL
Tcell,Malignant,ICAM3,ITGAL,1.413185445727044,Tcell_ICAM3_Malignant_ITGAL
Endothelial,Malignant,JAG1,NOTCH1,1.6560453658042735,Endothelial_JAG1_Malignant_NOTCH1
Endothelial,Stroma,JAG1,NOTCH1,1.9458560233234112,Endothelial_JAG1_Stroma_NOTCH1
Endothelial,Stroma,LAMA4,ITGA1,1.2432503589570087,Endothelial_LAMA4_Stroma_ITGA1
Stroma,Tcell,LAMA4,ITGA1,1.472264159134015,Stroma_LAMA4_Tcell_ITGA1
Stroma,Tcell,TNC,ITGAV,6.068389302462086,Stroma_TNC_Tcell_ITGAV
Stroma,Tcell,COL8A1,ITGA1,2.302455533689175,Stroma_COL8A1_Tcell_ITGA1
Macrophage,Endothelial,LYZ,ITGAL,0.7075381498367511,Macrophage_LYZ_Endothelial_ITGAL
Stroma,Tcell,C3,ITGAM,2.2148535781081318,Stroma_C3_Tcell_ITGAM
Stroma,Tcell,THY1,ITGAM,1.9456531328961595,Stroma_THY1_Tcell_ITGAM
Stroma,Tcell,SPON2,ITGAM,1.9287479921039716,Stroma_SPON2_Tcell_ITGAM
Endothelial,Malignant,VWF,AMFR,4.080990196241414,Endothelial_VWF_Malignant_AMFR
Stroma,Malignant,MMP9,SDC1,7.734376450640619,Stroma_MMP9_Malignant_SDC1
Bcell,Macrophage,ITGAL,ICAM1,1.3171017676927146,Bcell_ITGAL_Macrophage_ICAM1
Bcell,Malignant,ITGAL,ICAM1,1.0249339876299999,Bcell_ITGAL_Malignant_ICAM1
Bcell,Stroma,ITGAL,ICAM1,1.6134232270265116,Bcell_ITGAL_Stroma_ICAM1
Tcell,Stroma,ITGAL,ICAM1,1.1494325974806854,Tcell_ITGAL_Stroma_ICAM1
Stroma,Malignant,MMP9,CD55,5.2455062361108284,Stroma_MMP9_Malignant_CD55
Stroma,Malignant,MMP9,ENO1,9.060129236118243,Stroma_MMP9_Malignant_ENO1
Bcell,Macrophage,SEMA4D,PLXNB2,3.7095608453059907,Bcell_SEMA4D_Macrophage_PLXNB2
Bcell,Malignant,SEMA4D,PLXNB2,3.4687427230887313,Bcell_SEMA4D_Malignant_PLXNB2
Bcell,Stroma,SEMA4D,PLXNB2,4.20757353563618,Bcell_SEMA4D_Stroma_PLXNB2
Tcell,Stroma,SEMA4D,PLXNB2,3.476645150219999,Tcell_SEMA4D_Stroma_PLXNB2
Bcell,Macrophage,SEMA4D,ERBB2,3.253057278587573,Bcell_SEMA4D_Macrophage_ERBB2
Bcell,Malignant,SEMA4D,ERBB2,3.155739150485322,Bcell_SEMA4D_Malignant_ERBB2
Bcell,Stroma,SEMA4D,ERBB2,3.6880443672036676,Bcell_SEMA4D_Stroma_ERBB2
Tcell,Stroma,SEMA4D,ERBB2,3.4196251616836695,Tcell_SEMA4D_Stroma_ERBB2
Stroma,Malignant,MMP9,ERBB3,7.035429663620681,Stroma_MMP9_Malignant_ERBB3
Stroma,Malignant,MMP9,ALCAM,5.714824949043423,Stroma_MMP9_Malignant_ALCAM
Stroma,Malignant,MMP9,APP,7.698261022892716,Stroma_MMP9_Malignant_APP
Stroma,Malignant,MMP9,CD44,7.9512435236032735,Stroma_MMP9_Malignant_CD44
Stroma,Malignant,MMP9,DAG1,5.689774051824561,Stroma_MMP9_Malignant_DAG1
Bcell,Macrophage,SEMA4D,PLXNB1,2.2299491616139506,Bcell_SEMA4D_Macrophage_PLXNB1
Bcell,Malignant,SEMA4D,PLXNB1,2.390946413777654,Bcell_SEMA4D_Malignant_PLXNB1
Bcell,Stroma,SEMA4D,PLXNB1,2.7887433921658156,Bcell_SEMA4D_Stroma_PLXNB1
Tcell,Stroma,SEMA4D,PLXNB1,2.5264391810248075,Tcell_SEMA4D_Stroma_PLXNB1
Stroma,Malignant,MMP9,ITGB1,7.5034599999997535,Stroma_MMP9_Malignant_ITGB1
Stroma,Malignant,MMP9,LAMP1,7.940850760733529,Stroma_MMP9_Malignant_LAMP1
Stroma,Malignant,MMP9,PTPRF,8.132612810620046,Stroma_MMP9_Malignant_PTPRF
Stroma,Malignant,MMP9,ERBB2,8.259841568357947,Stroma_MMP9_Malignant_ERBB2
Stroma,Malignant,MMP9,IL6ST,9.25971944251997,Stroma_MMP9_Malignant_IL6ST
Endothelial,Stroma,EFNB1,EPHB4,0.9225338611580133,Endothelial_EFNB1_Stroma_EPHB4
Stroma,Malignant,MMP9,APLP2,7.10274859387255,Stroma_MMP9_Malignant_APLP2
Stroma,Malignant,MMP9,CDH1,5.727254196679546,Stroma_MMP9_Malignant_CDH1
Stroma,Malignant,MMP9,ATP6AP2,6.699798703339468,Stroma_MMP9_Malignant_ATP6AP2
Stroma,Malignant,MMP9,NPTN,6.5838962596899995,Stroma_MMP9_Malignant_NPTN
Stroma,Malignant,MMP9,SDC4,7.374573716575458,Stroma_MMP9_Malignant_SDC4
Stroma,Malignant,MMP9,CD99,7.917697346839394,Stroma_MMP9_Malignant_CD99
Endothelial,Stroma,EFNB1,EPHB3,0.9751870504501694,Endothelial_EFNB1_Stroma_EPHB3
Tcell,Stroma,SELPLG,ITGB2,1.6832620418097926,Tcell_SELPLG_Stroma_ITGB2
Stroma,Malignant,MMP9,AMFR,4.246423029798344,Stroma_MMP9_Malignant_AMFR
Stroma,Malignant,MMP9,CD9,9.127208839055921,Stroma_MMP9_Malignant_CD9
Stroma,Malignant,MMP9,PRLR,5.157645294108937,Stroma_MMP9_Malignant_PRLR
Stroma,Macrophage,MMP9,CD81,9.502700111730306,Stroma_MMP9_Macrophage_CD81
Stroma,Malignant,MMP9,CD81,9.682665340632717,Stroma_MMP9_Malignant_CD81
Stroma,Tcell,PLAU,ITGAM,0.7535260136212351,Stroma_PLAU_Tcell_ITGAM
Stroma,Malignant,MMP9,PLXNB2,8.774231227036868,Stroma_MMP9_Malignant_PLXNB2
Endothelial,Malignant,VWF,RAMP1,1.0817169502512625,Endothelial_VWF_Malignant_RAMP1
Stroma,Malignant,MMP9,FLOT1,7.7988049732504425,Stroma_MMP9_Malignant_FLOT1
Stroma,Malignant,MMP9,CD63,10.720661437261157,Stroma_MMP9_Malignant_CD63
Stroma,Malignant,MMP9,GFRA1,8.807670022548788,Stroma_MMP9_Malignant_GFRA1
Stroma,Tcell,BMP8A,TGFBR1,0.90428755215217,Stroma_BMP8A_Tcell_TGFBR1
Stroma,Tcell,ANGPTL4,ITGB1,3.0135070997267666,Stroma_ANGPTL4_Tcell_ITGB1
Stroma,Bcell,MMP9,CD74,9.559728707867057,Stroma_MMP9_Bcell_CD74
Stroma,Endothelial,MMP9,CD74,12.416477613368126,Stroma_MMP9_Endothelial_CD74
Stroma,Macrophage,MMP9,CD74,10.863648497162494,Stroma_MMP9_Macrophage_CD74
Stroma,Malignant,MMP9,CD74,11.452467173425704,Stroma_MMP9_Malignant_CD74
Stroma,Tcell,MMP9,CD74,8.665939718472483,Stroma_MMP9_Tcell_CD74
Stroma,Malignant,MMP9,CD151,11.001908861365381,Stroma_MMP9_Malignant_CD151
Stroma,Macrophage,MMP9,TYROBP,4.060730036333506,Stroma_MMP9_Macrophage_TYROBP
Stroma,Tcell,ANGPTL4,SDC1,2.5259691304375496,Stroma_ANGPTL4_Tcell_SDC1
Stroma,Tcell,ANGPTL4,ITGAV,2.3517551927189624,Stroma_ANGPTL4_Tcell_ITGAV
Endothelial,Malignant,PGF,NRP1,0.9818696447498484,Endothelial_PGF_Malignant_NRP1
Endothelial,Stroma,PGF,NRP1,1.2844587160567478,Endothelial_PGF_Stroma_NRP1
Stroma,Tcell,PGF,NRP1,1.8715206662286166,Stroma_PGF_Tcell_NRP1
Stroma,Tcell,SORBS1,ITGA1,0.7685742081348714,Stroma_SORBS1_Tcell_ITGA1
Stroma,Tcell,LGALS1,PTPRC,3.5555246022982465,Stroma_LGALS1_Tcell_PTPRC
Bcell,Macrophage,ITGAM,ICAM1,1.400440472167222,Bcell_ITGAM_Macrophage_ICAM1
Bcell,Malignant,ITGAM,ICAM1,1.8515239607486982,Bcell_ITGAM_Malignant_ICAM1
Bcell,Stroma,ITGAM,ICAM1,1.387394282660535,Bcell_ITGAM_Stroma_ICAM1
Stroma,Tcell,LTBP1,ITGB5,3.388545685841884,Stroma_LTBP1_Tcell_ITGB5
Malignant,Bcell,PVR,CD74,5.867743681015228,Malignant_PVR_Bcell_CD74
Malignant,Endothelial,PVR,CD74,3.4227902547893287,Malignant_PVR_Endothelial_CD74
Malignant,Macrophage,PVR,CD74,4.150888586999917,Malignant_PVR_Macrophage_CD74
Malignant,Tcell,PVR,CD74,2.3571130586461053,Malignant_PVR_Tcell_CD74
Tcell,Stroma,JAM3,ITGB2,0.9620043373824002,Tcell_JAM3_Stroma_ITGB2
Bcell,Macrophage,LGALS9,PTPRC,1.153162087581324,Bcell_LGALS9_Macrophage_PTPRC
Bcell,Malignant,LGALS9,PTPRC,0.9348334883064656,Bcell_LGALS9_Malignant_PTPRC
Malignant,Macrophage,PVR,CD81,3.535637577056445,Malignant_PVR_Macrophage_CD81
Malignant,Stroma,PVR,CD81,3.505601287708946,Malignant_PVR_Stroma_CD81
Macrophage,Malignant,ANGPTL4,SDC2,1.5860072636521139,Macrophage_ANGPTL4_Malignant_SDC2
Macrophage,Endothelial,ANGPTL4,ITGA5,1.1746649369101507,Macrophage_ANGPTL4_Endothelial_ITGA5
Stroma,Tcell,ANGPTL4,ITGA5,1.4242785300398328,Stroma_ANGPTL4_Tcell_ITGA5
Endothelial,Malignant,TNXB,SDC1,3.480418201521393,Endothelial_TNXB_Malignant_SDC1
Endothelial,Stroma,TNXB,SDC1,2.721583913777062,Endothelial_TNXB_Stroma_SDC1
Stroma,Tcell,TNXB,SDC1,4.094730973288454,Stroma_TNXB_Tcell_SDC1
Tcell,Malignant,TNXB,SDC1,4.903947331500898,Tcell_TNXB_Malignant_SDC1
Tcell,Stroma,TNXB,SDC1,4.192356981900521,Tcell_TNXB_Stroma_SDC1
Endothelial,Malignant,TNXB,ITGAV,3.069572887103721,Endothelial_TNXB_Malignant_ITGAV
Endothelial,Stroma,TNXB,ITGAV,2.4934010618849167,Endothelial_TNXB_Stroma_ITGAV
Stroma,Tcell,TNXB,ITGAV,3.529506371525751,Stroma_TNXB_Tcell_ITGAV
Tcell,Stroma,TNXB,ITGAV,3.691988362331113,Tcell_TNXB_Stroma_ITGAV
Endothelial,Malignant,TNXB,ITGB1,3.2430722875164157,Endothelial_TNXB_Malignant_ITGB1
Endothelial,Stroma,TNXB,ITGB1,2.733570646746083,Endothelial_TNXB_Stroma_ITGB1
Stroma,Tcell,TNXB,ITGB1,4.381326647635788,Stroma_TNXB_Tcell_ITGB1
Tcell,Malignant,TNXB,ITGB1,4.750345845128729,Tcell_TNXB_Malignant_ITGB1
Tcell,Stroma,TNXB,ITGB1,4.438441445171811,Tcell_TNXB_Stroma_ITGB1
Stroma,Malignant,MMP9,RAMP1,2.507819991825498,Stroma_MMP9_Malignant_RAMP1
Malignant,Macrophage,PVR,TYROBP,1.352764285251496,Malignant_PVR_Macrophage_TYROBP
Stroma,Tcell,BMP8A,TGFBR2,0.6773966881135765,Stroma_BMP8A_Tcell_TGFBR2
Endothelial,Malignant,TNXB,SDC4,2.716254374409168,Endothelial_TNXB_Malignant_SDC4
Tcell,Stroma,TNXB,SDC4,5.117332421736819,Tcell_TNXB_Stroma_SDC4
Stroma,Tcell,CXCL12,CD4,0.5990454305640247,Stroma_CXCL12_Tcell_CD4
Tcell,Malignant,CXCL12,CD4,2.4039286814613017,Tcell_CXCL12_Malignant_CD4
Tcell,Stroma,CXCL12,CD4,0.5280470339358135,Tcell_CXCL12_Stroma_CD4
Endothelial,Stroma,PGF,NRP2,0.9956313191411184,Endothelial_PGF_Stroma_NRP2
Stroma,Tcell,BGN,TLR2,2.9584928146452256,Stroma_BGN_Tcell_TLR2
Stroma,Tcell,DCN,TLR2,2.1322716771929517,Stroma_DCN_Tcell_TLR2
Bcell,Macrophage,LGALS9,HAVCR2,0.8462910943161049,Bcell_LGALS9_Macrophage_HAVCR2
Bcell,Tcell,LGALS9,HAVCR2,0.9870385273815943,Bcell_LGALS9_Tcell_HAVCR2
Stroma,Tcell,VCAN,TLR2,1.2629412219522387,Stroma_VCAN_Tcell_TLR2
Stroma,Tcell,MMP9,ITGB2,1.500099331079689,Stroma_MMP9_Tcell_ITGB2
Bcell,Endothelial,TGFB1,ACVRL1,0.7483014348606563,Bcell_TGFB1_Endothelial_ACVRL1
Bcell,Macrophage,LAMA2,ITGB1,2.315462632277364,Bcell_LAMA2_Macrophage_ITGB1
Bcell,Malignant,LAMA2,ITGB1,2.998487988057473,Bcell_LAMA2_Malignant_ITGB1
Bcell,Stroma,LAMA2,ITGB1,2.9925102410201827,Bcell_LAMA2_Stroma_ITGB1
Stroma,Tcell,LAMA2,ITGB1,4.103624672337557,Stroma_LAMA2_Tcell_ITGB1
Tcell,Malignant,LAMA2,ITGB1,3.169949881484858,Tcell_LAMA2_Malignant_ITGB1
Tcell,Stroma,LAMA2,ITGB1,4.559784295963532,Tcell_LAMA2_Stroma_ITGB1
Bcell,Macrophage,LAMA2,ITGB4,1.7018382700315786,Bcell_LAMA2_Macrophage_ITGB4
Bcell,Malignant,LAMA2,ITGB4,1.9337109212768766,Bcell_LAMA2_Malignant_ITGB4
Bcell,Stroma,LAMA2,ITGB4,1.860767288479616,Bcell_LAMA2_Stroma_ITGB4
Stroma,Tcell,LAMA2,ITGB4,2.8275188889707765,Stroma_LAMA2_Tcell_ITGB4
Tcell,Malignant,LAMA2,ITGB4,2.3153244569732996,Tcell_LAMA2_Malignant_ITGB4
Tcell,Stroma,LAMA2,ITGB4,3.509301248253477,Tcell_LAMA2_Stroma_ITGB4
Endothelial,Malignant,DLL4,NOTCH2,1.7518075802998723,Endothelial_DLL4_Malignant_NOTCH2
Endothelial,Stroma,DLL4,NOTCH2,2.1235105998272727,Endothelial_DLL4_Stroma_NOTCH2
Bcell,Macrophage,LAMA2,CD44,2.7828735729835024,Bcell_LAMA2_Macrophage_CD44
Bcell,Malignant,LAMA2,CD44,3.0049272482329563,Bcell_LAMA2_Malignant_CD44
Macrophage,Stroma,LAMA2,CD44,2.142151251900845,Macrophage_LAMA2_Stroma_CD44
Tcell,Stroma,LAMA2,CD44,4.934043938050648,Tcell_LAMA2_Stroma_CD44
Endothelial,Malignant,DLL4,NOTCH3,2.6201790161679925,Endothelial_DLL4_Malignant_NOTCH3
Endothelial,Stroma,DLL4,NOTCH3,1.9502659538433278,Endothelial_DLL4_Stroma_NOTCH3
Bcell,Macrophage,LAMA2,ITGAV,1.9677626944381663,Bcell_LAMA2_Macrophage_ITGAV
Bcell,Malignant,LAMA2,ITGAV,2.4976650422208286,Bcell_LAMA2_Malignant_ITGAV
Bcell,Stroma,LAMA2,ITGAV,2.4793916772651823,Bcell_LAMA2_Stroma_ITGAV
Bcell,Tcell,LAMA2,ITGAV,1.8589919515372304,Bcell_LAMA2_Tcell_ITGAV
Stroma,Tcell,LAMA2,ITGAV,3.4070454227782077,Stroma_LAMA2_Tcell_ITGAV
Tcell,Stroma,LAMA2,ITGAV,3.82283877860735,Tcell_LAMA2_Stroma_ITGAV
Bcell,Macrophage,ICAM2,ITGB2,1.3080188597105982,Bcell_ICAM2_Macrophage_ITGB2
Bcell,Malignant,ICAM2,ITGB2,1.004645285277005,Bcell_ICAM2_Malignant_ITGB2
Bcell,Stroma,ICAM2,ITGB2,1.0145670325787177,Bcell_ICAM2_Stroma_ITGB2
Endothelial,Malignant,ICAM2,ITGB2,0.6773679988815231,Endothelial_ICAM2_Malignant_ITGB2
Endothelial,Stroma,ICAM2,ITGB2,1.2823394910185515,Endothelial_ICAM2_Stroma_ITGB2
Tcell,Stroma,ICAM2,ITGB2,1.3521366378433233,Tcell_ICAM2_Stroma_ITGB2
Stroma,Tcell,ANGPT2,ITGB1,3.4380994422380033,Stroma_ANGPT2_Tcell_ITGB1
Macrophage,Endothelial,GRN,TNFRSF1B,1.7978971507240336,Macrophage_GRN_Endothelial_TNFRSF1B
Stroma,Tcell,MMP9,ITGAM,0.7701793468589041,Stroma_MMP9_Tcell_ITGAM
Stroma,Tcell,ANGPT2,ITGA5,1.5843382769761423,Stroma_ANGPT2_Tcell_ITGA5
Endothelial,Malignant,TFPI,SDC4,1.8418273370406384,Endothelial_TFPI_Malignant_SDC4
Bcell,Macrophage,SLIT2,SDC1,2.526745746317604,Bcell_SLIT2_Macrophage_SDC1
Bcell,Malignant,SLIT2,SDC1,1.5947563869246681,Bcell_SLIT2_Malignant_SDC1
Bcell,Stroma,SLIT2,SDC1,2.6628751921691762,Bcell_SLIT2_Stroma_SDC1
Stroma,Tcell,SLIT2,SDC1,2.288078876888741,Stroma_SLIT2_Tcell_SDC1
Tcell,Malignant,SLIT2,SDC1,1.9886547041016054,Tcell_SLIT2_Malignant_SDC1
Tcell,Stroma,SLIT2,SDC1,2.7918891246069344,Tcell_SLIT2_Stroma_SDC1
Bcell,Macrophage,SLIT2,APP,2.6334975137147993,Bcell_SLIT2_Macrophage_APP
Bcell,Malignant,SLIT2,APP,2.160840338906718,Bcell_SLIT2_Malignant_APP
Bcell,Stroma,SLIT2,APP,3.0621743729710995,Bcell_SLIT2_Stroma_APP
Stroma,Tcell,SLIT2,APP,2.4058226175768542,Stroma_SLIT2_Tcell_APP
Tcell,Malignant,SLIT2,APP,1.5510524814414919,Tcell_SLIT2_Malignant_APP
Tcell,Stroma,SLIT2,APP,2.8841895437684206,Tcell_SLIT2_Stroma_APP
Endothelial,Malignant,DLL4,NOTCH1,1.1662091237103323,Endothelial_DLL4_Malignant_NOTCH1
Endothelial,Stroma,DLL4,NOTCH1,1.011048010501696,Endothelial_DLL4_Stroma_NOTCH1
Bcell,Macrophage,CX3CL1,ITGAV,2.1546870118313466,Bcell_CX3CL1_Macrophage_ITGAV
Bcell,Malignant,CX3CL1,ITGAV,1.840736535994912,Bcell_CX3CL1_Malignant_ITGAV
Bcell,Stroma,CX3CL1,ITGAV,1.621093329166996,Bcell_CX3CL1_Stroma_ITGAV
Bcell,Tcell,CX3CL1,ITGAV,1.5401268425816979,Bcell_CX3CL1_Tcell_ITGAV
Endothelial,Malignant,CX3CL1,ITGAV,1.4647328205574601,Endothelial_CX3CL1_Malignant_ITGAV
Endothelial,Stroma,CX3CL1,ITGAV,2.1586556817732765,Endothelial_CX3CL1_Stroma_ITGAV
Tcell,Stroma,CX3CL1,ITGAV,2.0977618038638184,Tcell_CX3CL1_Stroma_ITGAV
Malignant,Bcell,LAMA3,CD74,2.0123114022034554,Malignant_LAMA3_Bcell_CD74
Malignant,Endothelial,LAMA3,CD74,3.939939937167008,Malignant_LAMA3_Endothelial_CD74
Malignant,Macrophage,LAMA3,CD74,3.4767211499866573,Malignant_LAMA3_Macrophage_CD74
Malignant,Macrophage,LAMA3,CD81,3.013444977989837,Malignant_LAMA3_Macrophage_CD81
Malignant,Stroma,LAMA3,CD81,3.8428263973689356,Malignant_LAMA3_Stroma_CD81
Stroma,Tcell,CFH,ITGAM,0.4902538087022257,Stroma_CFH_Tcell_ITGAM
Stroma,Malignant,COL1A1,BAMBI,4.7747846327085295,Stroma_COL1A1_Malignant_BAMBI
Stroma,Tcell,BGN,LY96,3.345110060160899,Stroma_BGN_Tcell_LY96
Stroma,Malignant,COL6A3,BAMBI,2.957794279135017,Stroma_COL6A3_Malignant_BAMBI
Macrophage,Malignant,LGALS9,BAMBI,1.094288177026526,Macrophage_LGALS9_Malignant_BAMBI
Bcell,Macrophage,LAMA2,ITGA6,0.9214155798276062,Bcell_LAMA2_Macrophage_ITGA6
Bcell,Malignant,LAMA2,ITGA6,0.4635270480355578,Bcell_LAMA2_Malignant_ITGA6
Stroma,Tcell,LAMA2,ITGA6,1.1042656387824465,Stroma_LAMA2_Tcell_ITGA6
Tcell,Malignant,LAMA2,ITGA6,0.7334868266634278,Tcell_LAMA2_Malignant_ITGA6
Malignant,Macrophage,LAMA3,TYROBP,1.0170943552320169,Malignant_LAMA3_Macrophage_TYROBP
Stroma,Malignant,COL4A1,BAMBI,2.140069740685763,Stroma_COL4A1_Malignant_BAMBI
Macrophage,Malignant,SERPING1,BAMBI,2.0460829446981212,Macrophage_SERPING1_Malignant_BAMBI
Stroma,Malignant,THY1,BAMBI,2.1787270299935293,Stroma_THY1_Malignant_BAMBI
Bcell,Macrophage,IGF1,ITGAV,2.009600151005439,Bcell_IGF1_Macrophage_ITGAV
Bcell,Malignant,IGF1,ITGAV,1.368812513652025,Bcell_IGF1_Malignant_ITGAV
Bcell,Stroma,IGF1,ITGAV,1.3877122158179263,Bcell_IGF1_Stroma_ITGAV
Bcell,Tcell,IGF1,ITGAV,2.789944600971277,Bcell_IGF1_Tcell_ITGAV
Stroma,Tcell,IGF1,ITGAV,1.9972472747269638,Stroma_IGF1_Tcell_ITGAV
Macrophage,Malignant,GAS6,BAMBI,1.4316594478139917,Macrophage_GAS6_Malignant_BAMBI
Stroma,Malignant,COL4A2,BAMBI,1.8580138212308308,Stroma_COL4A2_Malignant_BAMBI
Stroma,Malignant,LAMA4,BAMBI,0.8770610646696131,Stroma_LAMA4_Malignant_BAMBI
Malignant,Bcell,ICOSLG,CD74,2.7632653260520885,Malignant_ICOSLG_Bcell_CD74
Malignant,Endothelial,ICOSLG,CD74,4.43799802782467,Malignant_ICOSLG_Endothelial_CD74
Malignant,Macrophage,ICOSLG,CD74,3.6144138371782533,Malignant_ICOSLG_Macrophage_CD74
Malignant,Tcell,ICOSLG,CD74,2.9699444374359265,Malignant_ICOSLG_Tcell_CD74
Malignant,Macrophage,ICOSLG,CD81,2.9554727780462944,Malignant_ICOSLG_Macrophage_CD81
Malignant,Stroma,ICOSLG,CD81,2.693967322554822,Malignant_ICOSLG_Stroma_CD81
Bcell,Macrophage,HLA-DOA,CD4,0.9269828767568563,Bcell_HLA-DOA_Macrophage_CD4
Macrophage,Malignant,CXCL12,BAMBI,1.7100766745742777,Macrophage_CXCL12_Malignant_BAMBI
Bcell,Macrophage,IGF1,ITGB4,2.0071755511495137,Bcell_IGF1_Macrophage_ITGB4
Bcell,Malignant,IGF1,ITGB4,2.13590245178867,Bcell_IGF1_Malignant_ITGB4
Bcell,Stroma,IGF1,ITGB4,1.1644126321907762,Bcell_IGF1_Stroma_ITGB4
Stroma,Tcell,IGF1,ITGB4,2.0790778537384624,Stroma_IGF1_Tcell_ITGB4
Malignant,Macrophage,ICOSLG,TYROBP,1.2704053096407786,Malignant_ICOSLG_Macrophage_TYROBP
Tcell,Malignant,HLA-F,BAMBI,0.5232983184318942,Tcell_HLA-F_Malignant_BAMBI
Bcell,Malignant,IGF1,IGF1R,2.6963642315465846,Bcell_IGF1_Malignant_IGF1R
Bcell,Stroma,IGF1,IGF1R,1.5708274046257953,Bcell_IGF1_Stroma_IGF1R
Stroma,Tcell,IGF1,IGF1R,2.2295385918307375,Stroma_IGF1_Tcell_IGF1R
Bcell,Macrophage,IGF1,INSR,1.545221187673467,Bcell_IGF1_Macrophage_INSR
Bcell,Malignant,IGF1,INSR,0.49045558166721925,Bcell_IGF1_Malignant_INSR
Bcell,Stroma,IGF1,INSR,1.1528157144456879,Bcell_IGF1_Stroma_INSR
Bcell,Malignant,LAMA2,ITGA1,1.2503341741450598,Bcell_LAMA2_Malignant_ITGA1
Bcell,Stroma,LAMA2,ITGA1,0.8684435522540545,Bcell_LAMA2_Stroma_ITGA1
Stroma,Tcell,LAMA2,ITGA1,0.7250411251306313,Stroma_LAMA2_Tcell_ITGA1
Tcell,Malignant,LAMA2,ITGA1,1.1476558380986437,Tcell_LAMA2_Malignant_ITGA1
Tcell,Stroma,LAMA2,ITGA1,0.6531458794664632,Tcell_LAMA2_Stroma_ITGA1
Bcell,Macrophage,SEMA7A,ITGB1,2.3029988822465453,Bcell_SEMA7A_Macrophage_ITGB1
Bcell,Malignant,SEMA7A,ITGB1,2.219523113421332,Bcell_SEMA7A_Malignant_ITGB1
Bcell,Stroma,SEMA7A,ITGB1,2.3524108982723906,Bcell_SEMA7A_Stroma_ITGB1
Stroma,Tcell,SEMA7A,ITGB1,2.0053658683180853,Stroma_SEMA7A_Tcell_ITGB1
Bcell,Macrophage,ICAM2,ITGAL,1.0320441510766187,Bcell_ICAM2_Macrophage_ITGAL
Bcell,Malignant,ICAM2,ITGAL,0.5155139894477295,Bcell_ICAM2_Malignant_ITGAL
Macrophage,Endothelial,ICAM2,ITGAL,0.5595150358253489,Macrophage_ICAM2_Endothelial_ITGAL
Bcell,Macrophage,PAPLN,SIRPA,0.44717363193223214,Bcell_PAPLN_Macrophage_SIRPA
Bcell,Malignant,PAPLN,SIRPA,0.380865305060258,Bcell_PAPLN_Malignant_SIRPA
Bcell,Stroma,PAPLN,SIRPA,0.6460360192442486,Bcell_PAPLN_Stroma_SIRPA
Tcell,Malignant,PAPLN,SIRPA,0.5519829262519873,Tcell_PAPLN_Malignant_SIRPA
Tcell,Stroma,PAPLN,SIRPA,0.5099543636441263,Tcell_PAPLN_Stroma_SIRPA
Bcell,Macrophage,PLA2G2A,ITGB1,1.801102200142606,Bcell_PLA2G2A_Macrophage_ITGB1
Bcell,Malignant,PLA2G2A,ITGB1,2.4821537608136954,Bcell_PLA2G2A_Malignant_ITGB1
Bcell,Stroma,PLA2G2A,ITGB1,2.110843951194935,Bcell_PLA2G2A_Stroma_ITGB1
Stroma,Tcell,PLA2G2A,ITGB1,2.4039781543410657,Stroma_PLA2G2A_Tcell_ITGB1
Tcell,Malignant,PLA2G2A,ITGB1,1.9057992169975924,Tcell_PLA2G2A_Malignant_ITGB1
Tcell,Stroma,PLA2G2A,ITGB1,2.368126912206233,Tcell_PLA2G2A_Stroma_ITGB1
Bcell,Macrophage,PLA2G2A,ITGAV,1.5285433262363746,Bcell_PLA2G2A_Macrophage_ITGAV
Bcell,Malignant,PLA2G2A,ITGAV,1.8611699606634189,Bcell_PLA2G2A_Malignant_ITGAV
Bcell,Stroma,PLA2G2A,ITGAV,1.5294812252063834,Bcell_PLA2G2A_Stroma_ITGAV
Bcell,Tcell,PLA2G2A,ITGAV,1.4897710038522338,Bcell_PLA2G2A_Tcell_ITGAV
Stroma,Tcell,PLA2G2A,ITGAV,2.4900497636357684,Stroma_PLA2G2A_Tcell_ITGAV
Tcell,Stroma,PLA2G2A,ITGAV,2.35461138326055,Tcell_PLA2G2A_Stroma_ITGAV
Endothelial,Malignant,VWF,BAMBI,0.5023908198844893,Endothelial_VWF_Malignant_BAMBI
Bcell,Macrophage,PLA2G2A,ITGA5,1.3564493107595788,Bcell_PLA2G2A_Macrophage_ITGA5
Bcell,Malignant,PLA2G2A,ITGA5,0.7490180378109809,Bcell_PLA2G2A_Malignant_ITGA5
Bcell,Stroma,PLA2G2A,ITGA5,0.575235302656839,Bcell_PLA2G2A_Stroma_ITGA5
Macrophage,Endothelial,PLA2G2A,ITGA5,0.9315410055626475,Macrophage_PLA2G2A_Endothelial_ITGA5
Stroma,Tcell,PLA2G2A,ITGA5,1.0518367864847291,Stroma_PLA2G2A_Tcell_ITGA5
Tcell,Malignant,PLA2G2A,ITGA5,0.8236026582574814,Tcell_PLA2G2A_Malignant_ITGA5
Tcell,Stroma,PLA2G2A,ITGA5,0.8237566918458221,Tcell_PLA2G2A_Stroma_ITGA5
Macrophage,Endothelial,ANGPTL2,TLR4,0.6672354926494457,Macrophage_ANGPTL2_Endothelial_TLR4
Bcell,Macrophage,ICAM2,ITGAM,0.837054781445028,Bcell_ICAM2_Macrophage_ITGAM
Bcell,Macrophage,CD22,PTPRC,0.4474500494312492,Bcell_CD22_Macrophage_PTPRC
Bcell,Malignant,CD22,PTPRC,0.7447151690050153,Bcell_CD22_Malignant_PTPRC
Endothelial,Malignant,PROS1,AXL,1.0490944452664452,Endothelial_PROS1_Malignant_AXL
Stroma,Tcell,PROS1,AXL,0.7619382558729108,Stroma_PROS1_Tcell_AXL
Bcell,Stroma,MFNG,NOTCH2,1.880002287270842,Bcell_MFNG_Stroma_NOTCH2
Endothelial,Stroma,MFNG,NOTCH2,2.104498366154422,Endothelial_MFNG_Stroma_NOTCH2
Bcell,Macrophage,IGF1,ITGA6,0.7482226531124052,Bcell_IGF1_Macrophage_ITGA6
Stroma,Tcell,IGF1,ITGA6,0.7322001220796166,Stroma_IGF1_Tcell_ITGA6
Bcell,Macrophage,IL16,CD4,0.5742387492975118,Bcell_IL16_Macrophage_CD4
Bcell,Malignant,IL16,CD4,0.41295413892399246,Bcell_IL16_Malignant_CD4
Tcell,Malignant,IL16,CD4,0.7650751323330521,Tcell_IL16_Malignant_CD4
Tcell,Stroma,IL16,CD4,0.3376321215318432,Tcell_IL16_Stroma_CD4
Endothelial,Stroma,EFNB1,EPHB2,0.5106286612339053,Endothelial_EFNB1_Stroma_EPHB2
Macrophage,Stroma,HBEGF,CD44,2.4987829429744846,Macrophage_HBEGF_Stroma_CD44
Endothelial,Malignant,VEGFC,ITGB1,1.950979320366986,Endothelial_VEGFC_Malignant_ITGB1
Endothelial,Stroma,VEGFC,ITGB1,3.4275574329930585,Endothelial_VEGFC_Stroma_ITGB1
Stroma,Tcell,VEGFC,ITGB1,3.057500681367058,Stroma_VEGFC_Tcell_ITGB1
Stroma,Tcell,LPL,SDC1,1.6695817614369874,Stroma_LPL_Tcell_SDC1
Stroma,Tcell,FGF1,NRP1,0.2875350603654799,Stroma_FGF1_Tcell_NRP1
Stroma,Tcell,PDGFB,S1PR1,0.397472372207547,Stroma_PDGFB_Tcell_S1PR1
Bcell,Malignant,SEMA7A,ITGA1,0.6240795545812219,Bcell_SEMA7A_Malignant_ITGA1
Bcell,Stroma,SEMA7A,ITGA1,0.6530470889216131,Bcell_SEMA7A_Stroma_ITGA1
Stroma,Tcell,SEMA7A,ITGA1,0.3608143197697838,Stroma_SEMA7A_Tcell_ITGA1
Malignant,Stroma,PTN,SDC3,0.9277646666232404,Malignant_PTN_Stroma_SDC3
Bcell,Macrophage,HGF,CD44,2.3685882324081695,Bcell_HGF_Macrophage_CD44
Bcell,Malignant,HGF,CD44,2.777780293928037,Bcell_HGF_Malignant_CD44
Macrophage,Stroma,HGF,CD44,2.280288745416223,Macrophage_HGF_Stroma_CD44
Bcell,Macrophage,HGF,SDC1,1.2388065637480365,Bcell_HGF_Macrophage_SDC1
Bcell,Malignant,HGF,SDC1,2.387159249922079,Bcell_HGF_Malignant_SDC1
Bcell,Stroma,HGF,SDC1,1.6736261741083474,Bcell_HGF_Stroma_SDC1
Bcell,Macrophage,MFNG,NOTCH1,0.556203913921965,Bcell_MFNG_Macrophage_NOTCH1
Bcell,Stroma,MFNG,NOTCH1,2.1737022024025068,Bcell_MFNG_Stroma_NOTCH1
Endothelial,Stroma,MFNG,NOTCH1,1.319713472762488,Endothelial_MFNG_Stroma_NOTCH1
Tcell,Stroma,RGMA,BMPR2,1.0733063899480393,Tcell_RGMA_Stroma_BMPR2
Stroma,Malignant,MMP9,BAMBI,1.3207216247233378,Stroma_MMP9_Malignant_BAMBI
Bcell,Macrophage,HGF,SDC2,0.6704164670145272,Bcell_HGF_Macrophage_SDC2
Bcell,Malignant,HGF,SDC2,1.060766055931325,Bcell_HGF_Malignant_SDC2
Bcell,Stroma,HGF,SDC2,0.38679486936777774,Bcell_HGF_Stroma_SDC2
Macrophage,Malignant,HGF,SDC2,1.0181020819489923,Macrophage_HGF_Malignant_SDC2
Endothelial,Stroma,JAM2,ITGB1,2.785216092459039,Endothelial_JAM2_Stroma_ITGB1
Stroma,Tcell,JAM2,ITGB1,1.965686261460975,Stroma_JAM2_Tcell_ITGB1
Stroma,Tcell,JAM2,F11R,1.6111278760910523,Stroma_JAM2_Tcell_F11R
Endothelial,Stroma,JAM2,ITGAV,2.028638621255227,Endothelial_JAM2_Stroma_ITGAV
Stroma,Tcell,JAM2,ITGAV,1.3076053288997742,Stroma_JAM2_Tcell_ITGAV
Endothelial,Malignant,VCAM1,ITGB1,3.3626505406656695,Endothelial_VCAM1_Malignant_ITGB1
Endothelial,Stroma,VCAM1,ITGB1,2.748654936625828,Endothelial_VCAM1_Stroma_ITGB1
Stroma,Tcell,VCAM1,ITGB1,1.6734610766198479,Stroma_VCAM1_Tcell_ITGB1
Tcell,Malignant,VCAM1,ITGB1,1.656442718004588,Tcell_VCAM1_Malignant_ITGB1
Tcell,Stroma,VCAM1,ITGB1,2.9696840581134607,Tcell_VCAM1_Stroma_ITGB1
Stroma,Tcell,ANGPTL2,LILRB3,0.26915912334979886,Stroma_ANGPTL2_Tcell_LILRB3
Malignant,Bcell,CDH3,CD74,2.0079363683037608,Malignant_CDH3_Bcell_CD74
Malignant,Endothelial,CDH3,CD74,4.413717829588022,Malignant_CDH3_Endothelial_CD74
Malignant,Macrophage,CDH3,CD74,2.8799898687797576,Malignant_CDH3_Macrophage_CD74
Malignant,Tcell,CDH3,CD74,3.4535968372483294,Malignant_CDH3_Tcell_CD74
Malignant,Macrophage,CDH3,CD81,2.51172929655985,Malignant_CDH3_Macrophage_CD81
Malignant,Stroma,CDH3,CD81,3.0364089753213097,Malignant_CDH3_Stroma_CD81
Tcell,Stroma,WNT5B,FZD2,0.5007947649946087,Tcell_WNT5B_Stroma_FZD2
Bcell,Macrophage,SEMA4D,CD72,0.2509487799413291,Bcell_SEMA4D_Macrophage_CD72
Endothelial,Stroma,VEGFC,NRP2,0.6123285765137956,Endothelial_VEGFC_Stroma_NRP2
Stroma,Tcell,FN1,ITGB7,1.2958356013591574,Stroma_FN1_Tcell_ITGB7
Bcell,Stroma,SLIT2,ROBO1,0.519920380195075,Bcell_SLIT2_Stroma_ROBO1
Tcell,Stroma,SLIT2,ROBO1,0.739189046621203,Tcell_SLIT2_Stroma_ROBO1
Bcell,Macrophage,SEMA4A,LILRB2,0.9314017542919524,Bcell_SEMA4A_Macrophage_LILRB2
Bcell,Tcell,TGFB1,TGFBR3,1.1983577713447298,Bcell_TGFB1_Tcell_TGFBR3
Tcell,Malignant,LIF,IL6ST,2.548876714602092,Tcell_LIF_Malignant_IL6ST
Tcell,Stroma,LIF,IL6ST,2.5312021145041594,Tcell_LIF_Stroma_IL6ST
Stroma,Tcell,ANGPTL2,LILRB2,0.5163390342362267,Stroma_ANGPTL2_Tcell_LILRB2
Tcell,Stroma,LTB,LTBR,2.1290876721246814,Tcell_LTB_Stroma_LTBR
Tcell,Stroma,HAS2,CD44,2.8964376444951996,Tcell_HAS2_Stroma_CD44
Endothelial,Malignant,VCAM1,ITGB2,0.6907521838431763,Endothelial_VCAM1_Malignant_ITGB2
Endothelial,Stroma,VCAM1,ITGB2,1.7265389219507412,Endothelial_VCAM1_Stroma_ITGB2
Stroma,Tcell,VCAM1,ITGB2,0.5698060256661666,Stroma_VCAM1_Tcell_ITGB2
Tcell,Stroma,VCAM1,ITGB2,1.3025588357877012,Tcell_VCAM1_Stroma_ITGB2
Malignant,Macrophage,CDH3,TYROBP,1.3307095459452185,Malignant_CDH3_Macrophage_TYROBP
Bcell,Macrophage,EPHA4,EFNB1,0.4691074118816458,Bcell_EPHA4_Macrophage_EFNB1
Bcell,Stroma,EPHA4,EFNB1,0.40640313722137766,Bcell_EPHA4_Stroma_EFNB1
Tcell,Stroma,EPHA4,EFNB1,0.580875463345728,Tcell_EPHA4_Stroma_EFNB1
Macrophage,Endothelial,LAMA2,ITGA2,0.3485754123537727,Macrophage_LAMA2_Endothelial_ITGA2
Bcell,Stroma,TNN,ITGB1,3.340269194239807,Bcell_TNN_Stroma_ITGB1
Bcell,Stroma,TNN,SDC1,3.736826535422208,Bcell_TNN_Stroma_SDC1
Bcell,Stroma,TNN,ITGAV,2.5912862694648475,Bcell_TNN_Stroma_ITGAV
Bcell,Tcell,TNN,ITGAV,2.282715152474367,Bcell_TNN_Tcell_ITGAV
Bcell,Stroma,TNN,SDC4,3.2501290764113553,Bcell_TNN_Stroma_SDC4
Bcell,Macrophage,FGF7,FGFR1,0.6372624039672109,Bcell_FGF7_Macrophage_FGFR1
Bcell,Malignant,FGF7,FGFR1,0.8720684178666513,Bcell_FGF7_Malignant_FGFR1
Bcell,Stroma,FGF7,FGFR1,0.7059759585922841,Bcell_FGF7_Stroma_FGFR1
Tcell,Stroma,FGF7,FGFR1,1.0123548929519999,Tcell_FGF7_Stroma_FGFR1
Tcell,Stroma,CD58,CD2,0.3035638205359699,Tcell_CD58_Stroma_CD2
Bcell,Macrophage,FGF7,NRP1,0.5607822752531374,Bcell_FGF7_Macrophage_NRP1
Bcell,Malignant,FGF7,NRP1,0.7098232203642901,Bcell_FGF7_Malignant_NRP1
Bcell,Stroma,FGF7,NRP1,0.6285175794553376,Bcell_FGF7_Stroma_NRP1
Endothelial,Stroma,FGF7,NRP1,0.8334382249830794,Endothelial_FGF7_Stroma_NRP1
Tcell,Stroma,LTB,CD40,0.4616176116572195,Tcell_LTB_Stroma_CD40
Bcell,Macrophage,IL34,CSF1R,0.9480465241449046,Bcell_IL34_Macrophage_CSF1R
Bcell,Stroma,IL34,CSF1R,0.42414561450904287,Bcell_IL34_Stroma_CSF1R
Tcell,Stroma,IL34,CSF1R,0.9120134728540755,Tcell_IL34_Stroma_CSF1R
Bcell,Macrophage,LY86,CD180,0.22374720890929306,Bcell_LY86_Macrophage_CD180
Bcell,Macrophage,EBI3,IL6ST,2.3219492319410535,Bcell_EBI3_Macrophage_IL6ST
Bcell,Stroma,EBI3,IL6ST,2.375626117687967,Bcell_EBI3_Stroma_IL6ST
Tcell,Malignant,EBI3,IL6ST,1.9433442092311155,Tcell_EBI3_Malignant_IL6ST
Tcell,Stroma,EBI3,IL6ST,2.464034515236323,Tcell_EBI3_Stroma_IL6ST
Bcell,Macrophage,EBI3,IL27RA,0.5590548891188926,Bcell_EBI3_Macrophage_IL27RA
Bcell,Macrophage,SNCA,LAG3,9.549081560385539e-5,Bcell_SNCA_Macrophage_LAG3
Bcell,Stroma,SNCA,LAG3,2.5632815676399757e-05,Bcell_SNCA_Stroma_LAG3
Bcell,Macrophage,MRC1,PTPRC,0.30676402090202526,Bcell_MRC1_Macrophage_PTPRC
Bcell,Macrophage,PTPRC,MRC1,0.30569991306940003,Bcell_PTPRC_Macrophage_MRC1
Bcell,Macrophage,ITGA4,VCAM1,0.7078889324250115,Bcell_ITGA4_Macrophage_VCAM1
Bcell,Stroma,ITGA4,VCAM1,0.43624959147005904,Bcell_ITGA4_Stroma_VCAM1
Tcell,Stroma,ITGA4,VCAM1,0.42911708032847706,Tcell_ITGA4_Stroma_VCAM1
Bcell,Macrophage,CD48,CD2,0.42315508629763954,Bcell_CD48_Macrophage_CD2
Bcell,Macrophage,SELE,CD44,2.4878078041720064,Bcell_SELE_Macrophage_CD44
Endothelial,Stroma,SELE,CD44,1.599573676117544,Endothelial_SELE_Stroma_CD44
Bcell,Macrophage,SELE,GLG1,1.2255327884370195,Bcell_SELE_Macrophage_GLG1
Bcell,Tcell,SELE,GLG1,1.451532258859462,Bcell_SELE_Tcell_GLG1
Bcell,Stroma,CTSG,F2RL2,4.8714440766897243e-4,Bcell_CTSG_Stroma_F2RL2
Tcell,Stroma,CTSG,F2RL2,4.8714440766897243e-4,Tcell_CTSG_Stroma_F2RL2
Tcell,Stroma,RSPO3,SDC4,3.2415818448904057,Tcell_RSPO3_Stroma_SDC4
Tcell,Malignant,TNFSF14,TNFRSF14,1.2828072181552514,Tcell_TNFSF14_Malignant_TNFRSF14
Tcell,Malignant,TNFSF14,LTBR,1.2036912371179214,Tcell_TNFSF14_Malignant_LTBR
Tcell,Malignant,TNFSF14,TNFRSF6B,0.49173884703898074,Tcell_TNFSF14_Malignant_TNFRSF6B
Malignant,Tcell,LAMA3,CD74,3.1311050358685977,Malignant_LAMA3_Tcell_CD74
Tcell,Malignant,ICAM2,ITGAL,0.9916884891494528,Tcell_ICAM2_Malignant_ITGAL
Endothelial,Malignant,MFNG,NOTCH2,1.350665518516194,Endothelial_MFNG_Malignant_NOTCH2
Endothelial,Malignant,MFNG,NOTCH1,0.47750118635957733,Endothelial_MFNG_Malignant_NOTCH1
Bcell,Malignant,IGF1,ITGA6,0.5271147127427886,Bcell_IGF1_Malignant_ITGA6
Bcell,Macrophage,TNN,ITGAV,1.7367996602952522,Bcell_TNN_Macrophage_ITGAV
Bcell,Malignant,TNN,ITGAV,1.1368062248006998,Bcell_TNN_Malignant_ITGAV
Bcell,Macrophage,TNN,SDC4,1.853737186967799,Bcell_TNN_Macrophage_SDC4
Bcell,Malignant,TNN,SDC4,1.3099157108707766,Bcell_TNN_Malignant_SDC4
Bcell,Macrophage,TNN,SDC1,1.743688424312511,Bcell_TNN_Macrophage_SDC1
Bcell,Malignant,TNN,SDC1,1.230437918161526,Bcell_TNN_Malignant_SDC1
Bcell,Macrophage,TNN,ITGB1,1.6074834683534336,Bcell_TNN_Macrophage_ITGB1
Bcell,Malignant,TNN,ITGB1,1.2845254254753196,Bcell_TNN_Malignant_ITGB1
Tcell,Macrophage,FGF7,NRP1,0.6461207400298972,Tcell_FGF7_Macrophage_NRP1
Tcell,Stroma,FGF7,NRP1,0.6399839657576168,Tcell_FGF7_Stroma_NRP1
Bcell,Malignant,IL34,CSF1R,0.7190341514412056,Bcell_IL34_Malignant_CSF1R
Bcell,Malignant,EBI3,IL6ST,1.8158026250792751,Bcell_EBI3_Malignant_IL6ST
Tcell,Stroma,F10,ITGB2,0.5057705658102857,Tcell_F10_Stroma_ITGB2
Endothelial,Malignant,SELE,CD44,2.91609097249446,Endothelial_SELE_Malignant_CD44
Tcell,Stroma,SELE,CD44,1.7095121025368387,Tcell_SELE_Stroma_CD44
Bcell,Stroma,ITGB7,VCAM1,1.2533204728437637,Bcell_ITGB7_Stroma_VCAM1
Bcell,Tcell,BTLA,CD247,0,Bcell_BTLA_Tcell_CD247
Bcell,Macrophage,BTLA,CD79A,0,Bcell_BTLA_Macrophage_CD79A
Bcell,Stroma,BTLA,CD79A,0,Bcell_BTLA_Stroma_CD79A
Bcell,Macrophage,BTLA,TNFRSF14,0,Bcell_BTLA_Macrophage_TNFRSF14
Bcell,Malignant,BTLA,TNFRSF14,0,Bcell_BTLA_Malignant_TNFRSF14
Bcell,Stroma,BTLA,TNFRSF14,0,Bcell_BTLA_Stroma_TNFRSF14
Bcell,Tcell,BTLA,TNFRSF14,0,Bcell_BTLA_Tcell_TNFRSF14
Bcell,Tcell,CADM1,CRTAM,0,Bcell_CADM1_Tcell_CRTAM
Bcell,Macrophage,CD1D,LILRB2,0,Bcell_CD1D_Macrophage_LILRB2
Bcell,Malignant,CD226,PVR,0,Bcell_CD226_Malignant_PVR
Bcell,Stroma,CD226,PVR,0,Bcell_CD226_Stroma_PVR
Tcell,Stroma,CD226,PVR,0,Tcell_CD226_Stroma_PVR
Bcell,Macrophage,CD38,PECAM1,0,Bcell_CD38_Macrophage_PECAM1
Bcell,Malignant,CD38,PECAM1,0,Bcell_CD38_Malignant_PECAM1
Tcell,Stroma,CD40LG,CD40,0,Tcell_CD40LG_Stroma_CD40
Tcell,Malignant,CD40LG,ITGA5,0,Tcell_CD40LG_Malignant_ITGA5
Tcell,Stroma,CD40LG,ITGA5,0,Tcell_CD40LG_Stroma_ITGA5
Tcell,Malignant,CD40LG,ITGB1,0,Tcell_CD40LG_Malignant_ITGB1
Tcell,Stroma,CD40LG,ITGB1,0,Tcell_CD40LG_Stroma_ITGB1
Tcell,Stroma,CD40LG,ITGB2,0,Tcell_CD40LG_Stroma_ITGB2
Tcell,Malignant,CD40LG,TRAF3,0,Tcell_CD40LG_Malignant_TRAF3
Tcell,Stroma,CD40LG,TRAF3,0,Tcell_CD40LG_Stroma_TRAF3
Bcell,Malignant,CD48,CD2,0,Bcell_CD48_Malignant_CD2
Bcell,Stroma,CD48,CD2,0,Bcell_CD48_Stroma_CD2
Tcell,Stroma,CD48,CD2,0,Tcell_CD48_Stroma_CD2
Bcell,Malignant,CD96,PVR,0,Bcell_CD96_Malignant_PVR
Bcell,Stroma,CD96,PVR,0,Bcell_CD96_Stroma_PVR
Tcell,Stroma,CD96,PVR,0,Tcell_CD96_Stroma_PVR
Malignant,Tcell,CDH1,KLRG1,0,Malignant_CDH1_Tcell_KLRG1
Bcell,Macrophage,CLEC2D,KLRB1,0,Bcell_CLEC2D_Macrophage_KLRB1
Bcell,Tcell,CLEC2D,KLRB1,0,Bcell_CLEC2D_Tcell_KLRB1
Tcell,Stroma,COL4A3,CD44,0,Tcell_COL4A3_Stroma_CD44
Tcell,Stroma,COL4A3,CD47,0,Tcell_COL4A3_Stroma_CD47
Tcell,Stroma,COL4A3,ITGA11,0,Tcell_COL4A3_Stroma_ITGA11
Tcell,Malignant,COL4A3,ITGA1,0,Tcell_COL4A3_Malignant_ITGA1
Tcell,Stroma,COL4A3,ITGA1,0,Tcell_COL4A3_Stroma_ITGA1
Tcell,Stroma,COL4A3,ITGAV,0,Tcell_COL4A3_Stroma_ITGAV
Tcell,Malignant,COL4A3,ITGB1,0,Tcell_COL4A3_Malignant_ITGB1
Tcell,Stroma,COL4A3,ITGB1,0,Tcell_COL4A3_Stroma_ITGB1
Tcell,Malignant,COL4A3,SDC1,0,Tcell_COL4A3_Malignant_SDC1
Tcell,Stroma,COL4A3,SDC1,0,Tcell_COL4A3_Stroma_SDC1
Tcell,Stroma,COL4A3,SDC4,0,Tcell_COL4A3_Stroma_SDC4
Bcell,Macrophage,CRTAM,CADM1,0,Bcell_CRTAM_Macrophage_CADM1
Bcell,Malignant,CRTAM,CADM1,0,Bcell_CRTAM_Malignant_CADM1
Bcell,Stroma,CRTAM,CADM1,0,Bcell_CRTAM_Stroma_CADM1
Tcell,Stroma,CRTAM,CADM1,0,Tcell_CRTAM_Stroma_CADM1
Macrophage,Endothelial,FASLG,TNFRSF1A,0,Macrophage_FASLG_Endothelial_TNFRSF1A
Bcell,Macrophage,FCER2,ITGAM,0,Bcell_FCER2_Macrophage_ITGAM
Bcell,Macrophage,FCER2,ITGAV,0,Bcell_FCER2_Macrophage_ITGAV
Bcell,Malignant,FCER2,ITGAV,0,Bcell_FCER2_Malignant_ITGAV
Bcell,Stroma,FCER2,ITGAV,0,Bcell_FCER2_Stroma_ITGAV
Bcell,Tcell,FCER2,ITGAV,0,Bcell_FCER2_Tcell_ITGAV
Bcell,Macrophage,FCER2,ITGB2,0,Bcell_FCER2_Macrophage_ITGB2
Bcell,Malignant,FCER2,ITGB2,0,Bcell_FCER2_Malignant_ITGB2
Bcell,Stroma,FCER2,ITGB2,0,Bcell_FCER2_Stroma_ITGB2
Tcell,Stroma,FCER2,ITGAV,0,Tcell_FCER2_Stroma_ITGAV
Tcell,Stroma,FCER2,ITGB2,0,Tcell_FCER2_Stroma_ITGB2
Endothelial,Malignant,FGF7,FGFR1,0,Endothelial_FGF7_Malignant_FGFR1
Endothelial,Malignant,FGF7,NRP1,0,Endothelial_FGF7_Malignant_NRP1
Stroma,Tcell,FGF7,NRP1,0,Stroma_FGF7_Tcell_NRP1
Stroma,Tcell,FN1,CD79A,0,Stroma_FN1_Tcell_CD79A
Tcell,Stroma,GZMA,F2RL2,0,Tcell_GZMA_Stroma_F2RL2
Bcell,Malignant,HLA-DOA,CD4,0,Bcell_HLA-DOA_Malignant_CD4
Bcell,Macrophage,HLA-DOB,CD4,0,Bcell_HLA-DOB_Macrophage_CD4
Bcell,Malignant,HLA-DOB,CD4,0,Bcell_HLA-DOB_Malignant_CD4
Endothelial,Malignant,ICAM2,ITGAL,0,Endothelial_ICAM2_Malignant_ITGAL
Bcell,Macrophage,ICAM3,CD209,0,Bcell_ICAM3_Macrophage_CD209
Tcell,Stroma,ICOS,ICOSLG,0,Tcell_ICOS_Stroma_ICOSLG
Endothelial,Malignant,IL15,IL2RG,0,Endothelial_IL15_Malignant_IL2RG
Tcell,Malignant,IL6,IL6ST,0,Tcell_IL6_Malignant_IL6ST
Tcell,Stroma,IL6,IL6ST,0,Tcell_IL6_Stroma_IL6ST
Bcell,Tcell,ITGA4,VCAM1,0,Bcell_ITGA4_Tcell_VCAM1
Bcell,Tcell,ITGAL,CD226,0,Bcell_ITGAL_Tcell_CD226
Bcell,Macrophage,ITGB7,VCAM1,0,Bcell_ITGB7_Macrophage_VCAM1
Bcell,Tcell,ITGB7,VCAM1,0,Bcell_ITGB7_Tcell_VCAM1
Tcell,Stroma,ITGB7,VCAM1,0,Tcell_ITGB7_Stroma_VCAM1
Endothelial,Malignant,JAM2,ITGAV,0,Endothelial_JAM2_Malignant_ITGAV
Endothelial,Malignant,JAM2,ITGB1,0,Endothelial_JAM2_Malignant_ITGB1
Bcell,Stroma,LTA,EDNRA,0,Bcell_LTA_Stroma_EDNRA
Bcell,Macrophage,LTA,LTBR,0,Bcell_LTA_Macrophage_LTBR
Bcell,Malignant,LTA,LTBR,0,Bcell_LTA_Malignant_LTBR
Bcell,Stroma,LTA,LTBR,0,Bcell_LTA_Stroma_LTBR
Bcell,Macrophage,LTA,TNFRSF14,0,Bcell_LTA_Macrophage_TNFRSF14
Bcell,Malignant,LTA,TNFRSF14,0,Bcell_LTA_Malignant_TNFRSF14
Bcell,Stroma,LTA,TNFRSF14,0,Bcell_LTA_Stroma_TNFRSF14
Bcell,Tcell,LTA,TNFRSF14,0,Bcell_LTA_Tcell_TNFRSF14
Bcell,Macrophage,LTA,TNFRSF1A,0,Bcell_LTA_Macrophage_TNFRSF1A
Bcell,Malignant,LTA,TNFRSF1A,0,Bcell_LTA_Malignant_TNFRSF1A
Bcell,Tcell,LTA,TNFRSF1A,0,Bcell_LTA_Tcell_TNFRSF1A
Bcell,Macrophage,LTA,TNFRSF1B,0,Bcell_LTA_Macrophage_TNFRSF1B
Bcell,Malignant,LTA,TNFRSF1B,0,Bcell_LTA_Malignant_TNFRSF1B
Bcell,Tcell,LTA,TNFRSF1B,0,Bcell_LTA_Tcell_TNFRSF1B
Tcell,Stroma,LTA,EDNRA,0,Tcell_LTA_Stroma_EDNRA
Tcell,Malignant,LTA,LTBR,0,Tcell_LTA_Malignant_LTBR
Tcell,Stroma,LTA,LTBR,0,Tcell_LTA_Stroma_LTBR
Tcell,Malignant,LTA,TNFRSF14,0,Tcell_LTA_Malignant_TNFRSF14
Tcell,Stroma,LTA,TNFRSF14,0,Tcell_LTA_Stroma_TNFRSF14
Tcell,Malignant,LTA,TNFRSF1A,0,Tcell_LTA_Malignant_TNFRSF1A
Tcell,Malignant,LTA,TNFRSF1B,0,Tcell_LTA_Malignant_TNFRSF1B
Tcell,Stroma,LTA,TNFRSF1B,0,Tcell_LTA_Stroma_TNFRSF1B
Tcell,Malignant,LTB,LTBR,0,Tcell_LTB_Malignant_LTBR
Tcell,Malignant,LTB,TNFRSF1A,0,Tcell_LTB_Malignant_TNFRSF1A
Bcell,Malignant,MRC1,PTPRC,0,Bcell_MRC1_Malignant_PTPRC
Tcell,Malignant,PDCD1LG2,RGMB,0,Tcell_PDCD1LG2_Malignant_RGMB
Tcell,Stroma,PDCD1LG2,RGMB,0,Tcell_PDCD1LG2_Stroma_RGMB
Bcell,Malignant,SELE,CD44,0,Bcell_SELE_Malignant_CD44
Tcell,Stroma,SIRPG,CD47,0,Tcell_SIRPG_Stroma_CD47
Bcell,Malignant,SNCA,LAG3,0,Bcell_SNCA_Malignant_LAG3
Bcell,Tcell,SNCA,LAG3,0,Bcell_SNCA_Tcell_LAG3
Bcell,Malignant,TIGIT,PVR,0,Bcell_TIGIT_Malignant_PVR
Bcell,Stroma,TIGIT,PVR,0,Bcell_TIGIT_Stroma_PVR
Tcell,Stroma,TIGIT,PVR,0,Tcell_TIGIT_Stroma_PVR
Tcell,Stroma,TNFSF14,LTBR,0,Tcell_TNFSF14_Stroma_LTBR
Tcell,Stroma,TNFSF14,TNFRSF14,0,Tcell_TNFSF14_Stroma_TNFRSF14
Stroma,Tcell,VCAM1,ITGB7,0,Stroma_VCAM1_Tcell_ITGB7
